INSERT INTO CUSTOMER_TABLE (CUSTOMER_NUMBER, CUSTOMER_NAME, PHONE_NUMBER)
VALUES 
(11111111,'Billy''s Best Choice','555-1234'),(31313131,'Acme Products','555-1111'),(31323134,'Ace Consulting','555-1212'),(57896883,'XYZ Plumbing','347-8954'),(87323456,'Databases N-U','322-1012');

INSERT INTO ORDER_TABLE 
(ORDER_NUMBER, CUSTOMER_NUMBER, ORDER_DATE, ORDER_TOTAL)
VALUES 
(123456,11111111,'2020-05-04',12347.53),(123512,11111111,'2021-01-01',8005.91),(123552,31323134,'2021-10-01',5111.47),(123585,87323456,'2021-10-10',15231.62),(123777,57896883,'2021-09-09',23454.84);

INSERT INTO STUDENT_TABLE 
(STUDENT_ID, LAST_NAME, FIRST_NAME, CLASS_CODE, GRADE_PT)
VALUES 
(123250,'Phillips','Martin','SR',3.00),(125634,'Hanson','Henry','FR',2.88),(234121,'Thomas','Wendy','FR',4.00),(231222,'Wilson','Susie','SO',3.80),(260000,'Johnson','Stanley',null,null),(280023,'McRoberts','Richard','JR',1.90),(322133,'Bond','Jimmy','JR',3.95),(324652,'Delaney','Danny','SR',3.35),(333450,'Smith','Andy','SO',2.00),(423400,'Larkins','Michael','FR',0.00);

INSERT INTO COURSE_TABLE 
(COURSE_ID, COURSE_NAME, CREDITS, SEATS)
VALUES 
(100,'Snowflake Concepts',3,50),(200,'Introduction To SQL',3,20),(210,'Advanced SQL',3,22),(220,'Snowflake SQL Features',2,25),(300,'Physical Database Design',4,20),(400,'Database Administration',4,16);

INSERT INTO STUDENT_COURSE_TABLE 
(STUDENT_ID, COURSE_ID)
VALUES  
(260000,400),(280023,210),(322133,220),(322133,300),(324652,200),(333450,500),(333450,400),(123250,100),(125634,100),(125634,200),(125634,220),(234121,100),(231222,210),(231222,220);

INSERT INTO SALES_TABLE 
(PRODUCT_ID, SALE_DATE, DAILY_SALES)
VALUES 
(1000, '2000-09-28', 48850.40),(1000, '2000-09-29', 54500.22),(1000, '2000-09-30', 36000.07),(1000, '2000-10-01', 40200.43),(1000, '2000-10-02', 32800.50),(1000, '2000-10-03', 64300.00),(1000, '2000-10-04', 54553.10),(2000, '2000-09-28', 41888.88),(2000, '2000-09-29', 48000.00),(2000, '2000-09-30', 49850.03),(2000, '2000-10-01', 54850.29),(2000, '2000-10-02', 36021.93),(2000, '2000-10-03', 43200.18),(2000, '2000-10-04', 32800.50),(3000, '2000-09-28', 61301.77),(3000, '2000-09-29', 34509.13),(3000, '2000-09-30', 43868.86),(3000, '2000-10-01', 28000.00),(3000, '2000-10-02', 19678.94),(3000, '2000-10-03', 21553.79),(3000, '2000-10-04', 15675.33);

INSERT INTO EMPLOYEE_TABLE 
(EMPLOYEE_NO, DEPT_NO, LAST_NAME, FIRST_NAME, SALARY)
VALUES 
(1232578, 100, 'Chambers', 'Mandee', 48850.00),(1256349, 400, 'Harrison', 'Herbert',54500.00),(2341218, 400, 'Reilly', 'William',36000.00),(2312225, 300, 'Larkins', 'Loraine',40200.00),(2000000, null, 'Jones', 'Squiggy',32800.50),(1000234, 10, 'Smythe', 'Richard',64300.00),(1121334, 400, 'Strickling', 'Cletus',54500.00),(1324657, 200, 'Coffing', 'Billy',41888.88),(1333454, 200, 'Smith', 'John',48000.00);

INSERT INTO DEPARTMENT_TABLE 
(DEPT_NO, DEPARTMENT_NAME, MGR_NO, BUDGET)
VALUES 
(100, 'Marketing', 1256349, 500000.00),(200, 'Research and Dev', 1000234, 550000.00),(300, 'Sales', 1333454, 650000.00),(400, 'Customer Support', 1256349, 500000.00),(500, 'Human Resources', 1121334, 450000.00);

INSERT INTO STATS_TABLE
(COL1, COL2, COL3, COL4, COL5, COL6) 
VALUES 
(1, 1, 1, 30, 1, 0),(2, 1, 1, 29, 2, 5),(3, 3, 10, 28, 3, 10),(4, 3, 10, 27, 4, 15),(5, 3, 10, 26, 5, 20),(6, 4, 10, 25, 6, 30),(7, 5, 10, 24, 7, 30),(8, 5, 10, 23, 8, 30),(9, 5, 10, 22, 9, 35),(10, 5, 20, 21, 10, 35),(11, 7, 20, 20, 11, 40),(12, 7, 20, 19, 12, 40),(13, 9, 20, 18, 13, 45),(14, 9, 20, 17, 14, 45),(15, 9, 20, 16, 15, 50),(16, 9, 20, 15, 14, 55),(17, 10, 20, 14, 13, 55),(18, 10, 20, 13, 12, 60),(19, 10, 20, 12, 11, 60),(20, 10, 20, 11, 9, 65),(21, 10, 20, 10, 8, 65),(22, 10, 20, 9, 7, 65),(23, 13, 20, 8, 6, 70),(24, 13, 30, 7, 5, 70),(25, 13, 30, 6, 4, 80),(26, 14, 40, 5, 3, 85),(27, 15, 40, 4, 2, 90),(28, 15, 50, 3, 1, 90),(29, 16, 50, 2, 1, 95),(30, 16, 60, 1, 1, 100);

