INSERT INTO CUSTOMER_TABLE (CUSTOMER_NUMBER, CUSTOMER_NAME, PHONE_NUMBER)
VALUES 
(11111111,'Billy''s Best Choice','555-1234'),(31313131,'Acme Products','555-1111'),(31323134,'Ace Consulting','555-1212'),(57896883,'XYZ Plumbing','347-8954'),(87323456,'Databases N-U','322-1012');

INSERT INTO ORDER_TABLE 
(ORDER_NUMBER, CUSTOMER_NUMBER, ORDER_DATE, ORDER_TOTAL)
VALUES 
(123456,11111111,'2020-05-04',12347.53),(123512,11111111,'2021-01-01',8005.91),(123552,31323134,'2021-10-01',5111.47),(123585,87323456,'2021-10-10',15231.62),(123777,57896883,'2021-09-09',23454.84);

INSERT INTO STUDENT_TABLE 
(STUDENT_ID, LAST_NAME, FIRST_NAME, CLASS_CODE, GRADE_PT)
VALUES 
(123250,'Phillips','Martin','SR',3.00),(125634,'Hanson','Henry','FR',2.88),(234121,'Thomas','Wendy','FR',4.00),(231222,'Wilson','Susie','SO',3.80),(260000,'Johnson','Stanley',null,null),(280023,'McRoberts','Richard','JR',1.90),(322133,'Bond','Jimmy','JR',3.95),(324652,'Delaney','Danny','SR',3.35),(333450,'Smith','Andy','SO',2.00),(423400,'Larkins','Michael','FR',0.00);

INSERT INTO COURSE_TABLE 
(COURSE_ID, COURSE_NAME, CREDITS, SEATS)
VALUES 
(100,'Snowflake Concepts',3,50),(200,'Introduction To SQL',3,20),(210,'Advanced SQL',3,22),(220,'Snowflake SQL Features',2,25),(300,'Physical Database Design',4,20),(400,'Database Administration',4,16);

INSERT INTO STUDENT_COURSE_TABLE 
(STUDENT_ID, COURSE_ID)
VALUES  
(260000,400),(280023,210),(322133,220),(322133,300),(324652,200),(333450,500),(333450,400),(123250,100),(125634,100),(125634,200),(125634,220),(234121,100),(231222,210),(231222,220);

INSERT INTO SALES_TABLE 
(PRODUCT_ID, SALE_DATE, DAILY_SALES)
VALUES 
(1000, '2000-09-28', 48850.40),(1000, '2000-09-29', 54500.22),(1000, '2000-09-30', 36000.07),(1000, '2000-10-01', 40200.43),(1000, '2000-10-02', 32800.50),(1000, '2000-10-03', 64300.00),(1000, '2000-10-04', 54553.10),(2000, '2000-09-28', 41888.88),(2000, '2000-09-29', 48000.00),(2000, '2000-09-30', 49850.03),(2000, '2000-10-01', 54850.29),(2000, '2000-10-02', 36021.93),(2000, '2000-10-03', 43200.18),(2000, '2000-10-04', 32800.50),(3000, '2000-09-28', 61301.77),(3000, '2000-09-29', 34509.13),(3000, '2000-09-30', 43868.86),(3000, '2000-10-01', 28000.00),(3000, '2000-10-02', 19678.94),(3000, '2000-10-03', 21553.79),(3000, '2000-10-04', 15675.33);

INSERT INTO EMPLOYEE_TABLE 
(EMPLOYEE_NO, DEPT_NO, LAST_NAME, FIRST_NAME, SALARY)
VALUES 
(1232578, 100, 'Chambers', 'Mandee', 48850.00),(1256349, 400, 'Harrison', 'Herbert',54500.00),(2341218, 400, 'Reilly', 'William',36000.00),(2312225, 300, 'Larkins', 'Loraine',40200.00),(2000000, null, 'Jones', 'Squiggy',32800.50),(1000234, 10, 'Smythe', 'Richard',64300.00),(1121334, 400, 'Strickling', 'Cletus',54500.00),(1324657, 200, 'Coffing', 'Billy',41888.88),(1333454, 200, 'Smith', 'John',48000.00);

INSERT INTO DEPARTMENT_TABLE 
(DEPT_NO, DEPARTMENT_NAME, MGR_NO, BUDGET)
VALUES 
(100, 'Marketing', 1256349, 500000.00),(200, 'Research and Dev', 1000234, 550000.00),(300, 'Sales', 1333454, 650000.00),(400, 'Customer Support', 1256349, 500000.00),(500, 'Human Resources', 1121334, 450000.00);

INSERT INTO STATS_TABLE
(COL1, COL2, COL3, COL4, COL5, COL6) 
VALUES 
(1, 1, 1, 30, 1, 0),(2, 1, 1, 29, 2, 5),(3, 3, 10, 28, 3, 10),(4, 3, 10, 27, 4, 15),(5, 3, 10, 26, 5, 20),(6, 4, 10, 25, 6, 30),(7, 5, 10, 24, 7, 30),(8, 5, 10, 23, 8, 30),(9, 5, 10, 22, 9, 35),(10, 5, 20, 21, 10, 35),(11, 7, 20, 20, 11, 40),(12, 7, 20, 19, 12, 40),(13, 9, 20, 18, 13, 45),(14, 9, 20, 17, 14, 45),(15, 9, 20, 16, 15, 50),(16, 9, 20, 15, 14, 55),(17, 10, 20, 14, 13, 55),(18, 10, 20, 13, 12, 60),(19, 10, 20, 12, 11, 60),(20, 10, 20, 11, 9, 65),(21, 10, 20, 10, 8, 65),(22, 10, 20, 9, 7, 65),(23, 13, 20, 8, 6, 70),(24, 13, 30, 7, 5, 70),(25, 13, 30, 6, 4, 80),(26, 14, 40, 5, 3, 85),(27, 15, 40, 4, 2, 90),(28, 15, 50, 3, 1, 90),(29, 16, 50, 2, 1, 95),(30, 16, 60, 1, 1, 100);

INSERT INTO JOB_TABLE 
(JOB_NO, JOB_DESC)
VALUES 
(10010, 'Butcher'),(10020, 'Baker'),(10030, 'Candlestick Maker'),(20010, 'Programmer'), (30010, 'Manager');

INSERT INTO EMP_JOB_TABLE 
(JOB_NO, EMP_NO)
VALUES 
(10010, 2000000),(30010,1256349),(10020,1333454),(20010,1121334),(20010,1324657),(20010, 2341218),(10030,1232578),(10030,1000234);

INSERT INTO NAMES_TABLE SELECT TRIM(LAST_NAME)
|| ', ' || FIRST_NAME FROM EMPLOYEE_TABLE; 

INSERT INTO HIERARCHY_TABLE 
(EMPLOYEE_NO, DEPT_NO, FIRST_NAME, LAST_NAME, SALARY, POSITION_NAME, MGR_EMPLOYEE_NO)
VALUES 
(1 , 100, 'Tera-Tom' , 'Coffing', 250000.00, 'CEO', null),(20, 200, 'Ricardo', 'Gonzales', 175000.00, 'VP South', 1),(10, 100, 'Jane', 'Stevens', 175000.00, 'VP North', 1),(100, 100, 'Hitesh', 'Patel', 90000.00, 'North Manager', 10),(200, 200, 'Inquayee', 'Mumba', 90000.00, 'South Manager', 20),(5000, 100, 'Robert', 'Pantelle', 70000.00, 'analyst north', 100),(3000, 100, 'Ming' , 'Zao', 70000.00, 'Analyst North', 100),(1000, 100, 'Constantine', 'Mikas', 70000.00, 'Analyst North', 100),(4000, 200, 'Kelly', 'Roberts', 70000.00, 'Analyst South', 200),(6000, 200, 'Betty', 'Boston', 70000.00, 'Analyst South', 200),(2000, 200, 'Brett', 'Valens', 70000.00, 'Analyst South', 200);

INSERT INTO ADDRESSES
(SUBSCRIBER_NO, STREET, CITY, STATE, ZIP, AREACODE, PHONE)
VALUES
(1000001, '268 Valley Road', 'Latrobe', 'PA', 15650, NULL, NULL),(1000002, '920 New Street', 'Asheville', 'NC', 28803, NULL, NULL),(1000003, '376 Edgewood Drive', 'Roseville', 'MI', 48066, NULL, NULL),(1000004, '257 White Street', 'Dawsonville', 'GA', 30534, NULL, NULL),(1000005, '491 Route 17', 'West Springfield', 'MA', 1089, NULL, NULL),(1000006, '500 Parker Street', 'Honolulu', 'HI', 96815, NULL, NULL),(1000007, '763 Grove Street', 'Bluffton', 'SC', 29910, NULL, NULL),(1000008, '246 Briarwood Court', 'Loveland', 'OH', 45140, NULL, NULL),(1000009, '854 Jackson Street', 'Stafford', 'VA', 22554, NULL, NULL),(1000010, '832 Williams Street', 'Montgomery', 'AL', 36109, NULL, NULL),(1000011, '398 Garden Street', 'Billings', 'MT', 59101, NULL, NULL),(1000012, '449 Virginia Avenue', 'Langhorne', 'PA', 19047, NULL, NULL),(1000013, '744 John Street', 'Saint Johns', 'FL', 32259, NULL, NULL),(1000014, '182 Jefferson Street', 'Chicopee', 'MA', 1020, NULL, NULL),(1000015, '182 Prospect Street', 'Key West', 'FL', 33040, NULL, NULL),(1000016, '353 Lexington Drive', 'High Point', 'NC', 27265, NULL, NULL),(1000017, '421 2nd Street East', 'Vincentown', 'NJ', 8088, NULL, NULL),(1000018, '205 Park Place', 'Uniondale', 'NY', 11553, NULL, NULL),(1000019, '655 Route 64', 'Smyrna', 'GA', 30080, NULL, NULL),(1000020, '207 2nd Street West', 'Orange', 'NJ', 7050, NULL, NULL),(1000021, '766 Roosevelt Avenue', 'Baton Rouge', 'LA', 70806, NULL, NULL),(1000022, '439 4th Street West', 'Front Royal', 'VA', 22630, NULL, NULL),(1000023, '381 Railroad Street', 'Wake Forest', 'NC', 27587, NULL, NULL),(1000024, '480 Valley View Road', 'San Pablo', 'CA', 94806, NULL, NULL),(1000025, '771 B Street', 'Pottstown', 'PA', 19464, NULL, NULL),(1000026, '556 Wall Street', 'Wake Forest', 'NC', 27587, NULL, NULL),(1000027, '884 Hillside Drive', 'Westbury', 'NY', 11590, NULL, NULL),(1000028, '692 Route 202', 'Philadelphia', 'PA', 19111, NULL, NULL),(1000029, '198 Lexington Drive', 'Point Pleasant Beach', 'NJ', 8742, NULL, NULL),(1000030, '665 5th Street', 'Carpentersville', 'IL', 60110, NULL, NULL),(1000031, '354 Shady Lane', 'Hartford', 'CT', 6106, NULL, NULL),(1000032, '717 6th Avenue', 'Crofton', 'MD', 21114, NULL, NULL),(1000033, '418 Heather Court', 'Morton Grove', 'IL', 60053, NULL, NULL),(1000034, '33 Overlook Circle', 'Williamstown', 'NJ', 8094, NULL, NULL),(1000035, '647 13th Street', 'Rocklin', 'CA', 95677, NULL, NULL),(1000036, '661 Bridle Lane', 'Ossining', 'NY', 10562, NULL, NULL),(1000037, '168 Route 4', 'Oxnard', 'CA', 93035, NULL, NULL),(1000038, '700 Maple Lane', 'Superior', 'WI', 54880, NULL, NULL),(1000039, '217 Wood Street', 'Taylor', 'MI', 48180, NULL, NULL),(1000040, '52 Euclid Avenue', 'Green Cove Springs', 'FL', 32043, NULL, NULL),(1000041, '582 8th Street West', 'Ronkonkoma', 'NY', 11779, NULL, NULL),(1000042, '992 Surrey Lane', 'Roanoke Rapids', 'NC', 27870, NULL, NULL),(1000043, '791 Myrtle Avenue', 'Cleveland', 'TN', 37312, NULL, NULL),(1000044, '170 10th Street', 'Cordova', 'TN', 38016, NULL, NULL),(1000045, '348 Mechanic Street', 'Tucker', 'GA', 30084, NULL, NULL),(1000046, '867 Strawberry Lane', 'Mount Laurel', 'NJ', 8054, NULL, NULL),(1000047, '995 Evergreen Lane', 'Atwater', 'CA', 95301, NULL, NULL),(1000048, '222 Forest Street', 'Dedham', 'MA', 2026, NULL, NULL),(1000049, '569 Lake Avenue', 'Fremont', 'OH', 43420, NULL, NULL),(1000050, '731 Franklin Avenue', 'West Haven', 'CT', 6516, NULL, NULL),(1000051, '111 Jones Street', 'Centreville', 'VA', 20120, NULL, NULL),(1000052, '283 Chestnut Street', 'Bristol', 'CT', 6010, NULL, NULL),(1000053, '782 Cambridge Road', 'Huntersville', 'NC', 28078, NULL, NULL),(1000054, '600 Fairview Avenue', 'Easley', 'SC', 29640, NULL, NULL),(1000055, '851 Grove Street', 'Hoboken', 'NJ', 7030, NULL, NULL),(1000056, '203 Bank Street', 'Coram', 'NY', 11727, NULL, NULL),(1000057, '595 Elm Avenue', 'Gurnee', 'IL', 60031, NULL, NULL),(1000058, '640 Liberty Street', 'Feasterville Trevose', 'PA', 19053, NULL, NULL),(1000059, '414 Sunset Avenue', 'Morton Grove', 'IL', 60053, NULL, NULL),(1000060, '75 8th Avenue', 'Deltona', 'FL', 32725, NULL, NULL),(1000061, '757 5th Street', 'Key West', 'FL', 33040, NULL, NULL),(1000062, '684 2nd Avenue', 'New Bedford', 'MA', 2740, NULL, NULL),(1000063, '587 College Avenue', 'Lansdale', 'PA', 19446, NULL, NULL),(1000064, '411 Route 2', 'Beachwood', 'OH', 44122, NULL, NULL),(1000065, '392 Route 20', 'Watertown', 'MA', 2472, NULL, NULL),(1000066, '370 River Street', 'Olive Branch', 'MS', 38654, NULL, NULL),(1000067, '454 Hickory Lane', 'Winter Springs', 'FL', 32708, NULL, NULL),(1000068, '960 Homestead Drive', 'Fort Washington', 'MD', 20744, NULL, NULL),(1000069, '311 Route 17', 'Hinesville', 'GA', 31313, NULL, NULL),(1000070, '315 Front Street South', 'Harrison Township', 'MI', 48045, NULL, NULL),(1000071, '791 River Road', 'Fort Wayne', 'IN', 46804, NULL, NULL),(1000072, '413 Poplar Street', 'Longview', 'TX', 75604, NULL, NULL),(1000073, '60 Spruce Avenue', 'Hartford', 'CT', 6106, NULL, NULL),(1000074, '105 Locust Lane', 'Williamstown', 'NJ', 8094, NULL, NULL),(1000075, '239 Hanover Court', 'Avon', 'IN', 46123, NULL, NULL),(1000076, '296 Route 6', 'Ellicott City', 'MD', 21042, NULL, NULL),(1000077, '539 Arlington Avenue', 'Warren', 'MI', 48089, NULL, NULL),(1000078, '517 Manor Drive', 'Johnston', 'RI', 2919, NULL, NULL),(1000079, '89 Jefferson Street', 'Aliquippa', 'PA', 15001, NULL, NULL),(1000080, '746 Spruce Street', 'Gwynn Oak', 'MD', 21207, NULL, NULL),(1000081, '541 Oak Avenue', 'Sebastian', 'FL', 32958, NULL, NULL),(1000082, '476 Redwood Drive', 'Bettendorf', 'IA', 52722, NULL, NULL),(1000083, '273 Heather Lane', 'The Villages', 'FL', 32162, NULL, NULL),(1000084, '648 Jefferson Street', 'Boston', 'MA', 2127, NULL, NULL),(1000085, '380 Route 44', 'Long Branch', 'NJ', 7740, NULL, NULL),(1000086, '560 Dogwood Lane', 'Haines City', 'FL', 33844, NULL, NULL),(1000087, '279 Main Street', 'Flushing', 'NY', 11354, NULL, NULL),(1000088, '153 Fawn Court', 'Greenwood', 'SC', 29646, NULL, NULL),(1000089, '250 Main Street', 'Pembroke Pines', 'FL', 33028, NULL, NULL),(1000090, '237 Atlantic Avenue', 'Fairborn', 'OH', 45324, NULL, NULL),(1000091, '639 Wall Street', 'Missoula', 'MT', 59801, NULL, NULL),(1000092, '249 Willow Drive', 'Holbrook', 'NY', 11741, NULL, NULL),(1000093, '7 Green Street', 'Mchenry', 'IL', 60050, NULL, NULL),(1000094, '195 Park Drive', 'Lithonia', 'GA', 30038, NULL, NULL),(1000095, '594 Forest Avenue', 'Midland', 'MI', 48640, NULL, NULL),(1000096, '544 13th Street', 'Downers Grove', 'IL', 60515, NULL, NULL),(1000097, '459 Oxford Court', 'Cherry Hill', 'NJ', 8003, NULL, NULL),(1000098, '608 Monroe Street', 'Springboro', 'OH', 45066, NULL, NULL),(1000099, '299 Chestnut Street', 'Lakeville', 'MN', 55044, NULL, NULL),(1000100, '224 Wood Street', 'Green Cove Springs', 'FL', 32043, NULL, NULL),(1000101, '593 Berkshire Drive', 'Monroeville', 'PA', 15146, NULL, NULL),(1000102, '466 Howard Street', 'Torrance', 'CA', 90505, NULL, NULL),(1000103, '803 Dogwood Drive', 'Spartanburg', 'SC', 29301, NULL, NULL),(1000104, '621 Willow Drive', 'Grand Forks', 'ND', 58201, NULL, NULL),(1000105, '846 Cooper Street', 'Sugar Land', 'TX', 77478, NULL, NULL),(1000106, '439 Magnolia Drive', 'Defiance', 'OH', 43512, NULL, NULL),(1000107, '990 Pin Oak Drive', 'Fort Washington', 'MD', 20744, NULL, NULL),(1000108, '965 Holly Drive', 'Depew', 'NY', 14043, NULL, NULL),(1000109, '271 Broadway', 'Valley Stream', 'NY', 11580, NULL, NULL),(1000110, '143 Magnolia Avenue', 'Buffalo', 'NY', 14215, NULL, NULL),(1000111, '867 Church Street', 'Lancaster', 'NY', 14086, NULL, NULL),(1000112, '677 New Street', 'New Orleans', 'LA', 70115, NULL, NULL),(1000113, '820 Hillcrest Drive', 'Gettysburg', 'PA', 17325, NULL, NULL),(1000114, '982 West Street', 'Fairport', 'NY', 14450, NULL, NULL),(1000115, '343 Meadow Street', 'Ladson', 'SC', 29456, NULL, NULL),(1000116, '457 Pearl Street', 'Long Branch', 'NJ', 7740, NULL, NULL),(1000117, '814 Church Street', 'Chardon', 'OH', 44024, NULL, NULL),(1000118, '718 6th Street', 'Dallas', 'GA', 30132, NULL, NULL),(1000119, '294 York Street', 'Gastonia', 'NC', 28052, NULL, NULL),(1000120, '281 Adams Street', 'Matawan', 'NJ', 7747, NULL, NULL),(1000121, '913 Overlook Circle', 'Yuba City', 'CA', 95993, NULL, NULL),(1000122, '860 12th Street East', 'Mableton', 'GA', 30126, NULL, NULL),(1000123, '979 Prospect Street', 'Rowlett', 'TX', 75088, NULL, NULL),(1000124, '656 Grant Avenue', 'Goose Creek', 'SC', 29445, NULL, NULL),(1000125, '728 Morris Street', 'Rockledge', 'FL', 32955, NULL, NULL),(1000126, '918 Schoolhouse Lane', 'Carpentersville', 'IL', 60110, NULL, NULL),(1000127, '796 Euclid Avenue', 'Reynoldsburg', 'OH', 43068, NULL, NULL),(1000128, '834 Cooper Street', 'Port Saint Lucie', 'FL', 34952, NULL, NULL),(1000129, '600 Railroad Avenue', 'Fayetteville', 'NC', 28303, NULL, NULL),(1000130, '992 Cherry Street', 'El Dorado', 'AR', 71730, NULL, NULL),(1000131, '219 Lake Street', 'Buffalo', 'NY', 14215, NULL, NULL),(1000132, '380 Fairway Drive', 'Tewksbury', 'MA', 1876, NULL, NULL),(1000133, '708 Ridge Avenue', 'Lutherville Timonium', 'MD', 21093, NULL, NULL),(1000134, '466 Somerset Drive', 'Clover', 'SC', 29710, NULL, NULL),(1000135, '671 Washington Avenue', 'Moses Lake', 'WA', 98837, NULL, NULL),(1000136, '669 Fawn Court', 'New Windsor', 'NY', 12553, NULL, NULL),(1000137, '643 York Street', 'Washington', 'PA', 15301, NULL, NULL),(1000138, '835 East Street', 'Sheboygan', 'WI', 53081, NULL, NULL),(1000139, '922 Harrison Street', 'Sugar Land', 'TX', 77478, NULL, NULL),(1000140, '127 North Avenue', 'Yuma', 'AZ', 85365, NULL, NULL),(1000141, '410 Meadow Lane', 'Winchester', 'VA', 22601, NULL, NULL),(1000142, '909 Willow Avenue', 'Defiance', 'OH', 43512, NULL, NULL),(1000143, '123 Hillcrest Drive', 'Chesterfield', 'VA', 23832, NULL, NULL),(1000144, '998 Virginia Street', 'Oxnard', 'CA', 93035, NULL, NULL),(1000145, '58 Mulberry Street', 'Smithtown', 'NY', 11787, NULL, NULL),(1000146, '954 Linden Avenue', 'Morristown', 'NJ', 7960, NULL, NULL),(1000147, '652 State Street', 'Union', 'NJ', 7083, NULL, NULL),(1000148, '45 Fulton Street', 'Covington', 'GA', 30014, NULL, NULL),(1000149, '887 Adams Avenue', 'Parsippany', 'NJ', 7054, NULL, NULL),(1000150, '429 Bridge Street', 'Norristown', 'PA', 19401, NULL, NULL),(1000151, '919 Ivy Court', 'Urbandale', 'IA', 50322, NULL, NULL),(1000152, '922 Sherman Street', 'Passaic', 'NJ', 7055, NULL, NULL),(1000153, '920 Jefferson Avenue', 'Altamonte Springs', 'FL', 32714, NULL, NULL),(1000154, '491 Cherry Lane', 'Eastlake', 'OH', 44095, NULL, NULL),(1000155, '492 Ann Street', 'Taylor', 'MI', 48180, NULL, NULL),(1000156, '823 Meadow Street', 'Roswell', 'GA', 30075, NULL, NULL),(1000157, '743 Route 70', 'Fayetteville', 'NC', 28303, NULL, NULL),(1000158, '587 Hillcrest Avenue', 'West Chicago', 'IL', 60185, NULL, NULL),(1000159, '62 Route 9', 'Quakertown', 'PA', 18951, NULL, NULL),(1000160, '958 2nd Street West', 'Newburgh', 'NY', 12550, NULL, NULL),(1000161, '118 Magnolia Drive', 'Southampton', 'PA', 18966, NULL, NULL),(1000162, '490 North Street', 'Warner Robins', 'GA', 31088, NULL, NULL),(1000163, '981 Brown Street', 'Deltona', 'FL', 32725, NULL, NULL),(1000164, '819 1st Street', 'Plymouth', 'MA', 2360, NULL, NULL),(1000165, '270 Somerset Drive', 'Hialeah', 'FL', 33010, NULL, NULL),(1000166, '767 Holly Court', 'Lake Zurich', 'IL', 60047, NULL, NULL),(1000167, '647 Essex Court', 'Lincolnton', 'NC', 28092, NULL, NULL),(1000168, '327 Valley View Drive', 'East Stroudsburg', 'PA', 18301, NULL, NULL),(1000169, '108 Adams Avenue', 'New Castle', 'PA', 16101, NULL, NULL),(1000170, '387 Durham Road', 'Somerset', 'NJ', 8873, NULL, NULL),(1000171, '62 Linda Lane', 'East Hartford', 'CT', 6118, NULL, NULL),(1000172, '720 Creek Road', 'Ashburn', 'VA', 20147, NULL, NULL),(1000173, '793 Union Street', 'Murfreesboro', 'TN', 37128, NULL, NULL),(1000174, '803 New Street', 'Catonsville', 'MD', 21228, NULL, NULL),(1000175, '155 Race Street', 'Monroe Township', 'NJ', 8831, NULL, NULL),(1000176, '364 Holly Drive', 'Springfield Gardens', 'NY', 11413, NULL, NULL),(1000177, '234 State Street East', 'Kenosha', 'WI', 53140, NULL, NULL),(1000178, '415 Hudson Street', 'Dedham', 'MA', 2026, NULL, NULL),(1000179, '37 High Street', 'Chelmsford', 'MA', 1824, NULL, NULL),(1000180, '92 Garden Street', 'Mahwah', 'NJ', 7430, NULL, NULL),(1000181, '348 5th Street South', 'Green Bay', 'WI', 54302, NULL, NULL),(1000182, '336 Lincoln Street', 'Wausau', 'WI', 54401, NULL, NULL),(1000183, '136 Fawn Lane', 'Brookline', 'MA', 2446, NULL, NULL),(1000184, '675 4th Avenue', 'Redondo Beach', 'CA', 90278, NULL, NULL),(1000185, '967 Brown Street', 'Floral Park', 'NY', 11001, NULL, NULL),(1000186, '872 6th Street West', 'Avon Lake', 'OH', 44012, NULL, NULL),(1000187, '544 Cleveland Street', 'New Port Richey', 'FL', 34653, NULL, NULL),(1000188, '257 Route 10', 'Muskogee', 'OK', 74403, NULL, NULL),(1000189, '546 Elmwood Avenue', 'Southaven', 'MS', 38671, NULL, NULL),(1000190, '54 Hudson Street', 'Dundalk', 'MD', 21222, NULL, NULL),(1000191, '728 Bridle Lane', 'High Point', 'NC', 27265, NULL, NULL),(1000192, '39 Holly Court', 'Solon', 'OH', 44139, NULL, NULL),(1000193, '906 Division Street', 'Chicago Heights', 'IL', 60411, NULL, NULL),(1000194, '341 Tanglewood Drive', 'Lorton', 'VA', 22079, NULL, NULL),(1000195, '765 Route 10', 'Cambridge', 'MA', 2138, NULL, NULL),(1000196, '7 2nd Street', 'Clinton Township', 'MI', 48035, NULL, NULL),(1000197, '599 Fulton Street', 'Adrian', 'MI', 49221, NULL, NULL),(1000198, '388 Route 1', 'Orange Park', 'FL', 32065, NULL, NULL),(1000199, '947 Grove Avenue', 'Reisterstown', 'MD', 21136, NULL, NULL),(1000200, '177 Canterbury Court', 'Spartanburg', 'SC', 29301, NULL, NULL),(1000201, '516 Heritage Drive', 'Lake Jackson', 'TX', 77566, NULL, NULL),(1000202, '642 Atlantic Avenue', 'South Lyon', 'MI', 48178, NULL, NULL),(1000203, '717 Maiden Lane', 'Great Falls', 'MT', 59404, NULL, NULL),(1000204, '171 Virginia Avenue', 'Pearl', 'MS', 39208, NULL, NULL),(1000205, '384 Taylor Street', 'Trenton', 'NJ', 8610, NULL, NULL),(1000206, '382 1st Street', 'Danvers', 'MA', 1923, NULL, NULL),(1000207, '540 East Street', 'Woodside', 'NY', 11377, NULL, NULL),(1000208, '270 Jefferson Avenue', 'New Lenox', 'IL', 60451, NULL, NULL),(1000209, '853 Washington Street', 'Lapeer', 'MI', 48446, NULL, NULL),(1000210, '474 Maple Street', 'Rahway', 'NJ', 7065, NULL, NULL),(1000211, '124 Sycamore Lane', 'Essex', 'MD', 21221, NULL, NULL),(1000212, '568 Route 64', 'West Haven', 'CT', 6516, NULL, NULL),(1000213, '773 Overlook Circle', 'Winter Park', 'FL', 32792, NULL, NULL),(1000214, '597 State Street', 'Chippewa Falls', 'WI', 54729, NULL, NULL),(1000215, '805 Dogwood Drive', 'Alpharetta', 'GA', 30004, NULL, NULL),(1000216, '203 Madison Court', 'Zion', 'IL', 60099, NULL, NULL),(1000217, '593 Elizabeth Street', 'Fort Walton Beach', 'FL', 32547, NULL, NULL),(1000218, '538 Lafayette Avenue', 'Land O Lakes', 'FL', 34639, NULL, NULL),(1000219, '881 Route 32', 'Reisterstown', 'MD', 21136, NULL, NULL),(1000220, '201 Maple Street', 'Port Richey', 'FL', 34668, NULL, NULL),(1000221, '857 Main Street', 'Johnston', 'RI', 2919, NULL, NULL),(1000222, '785 Hanover Court', 'Ellenwood', 'GA', 30294, NULL, NULL),(1000223, '968 Linden Avenue', 'Lanham', 'MD', 20706, NULL, NULL),(1000224, '306 Lake Street', 'Westmont', 'IL', 60559, NULL, NULL),(1000225, '353 Locust Lane', 'Belmont', 'MA', 2478, NULL, NULL),(1000226, '426 Riverside Drive', 'Bemidji', 'MN', 56601, NULL, NULL),(1000227, '823 4th Street', 'Wheaton', 'IL', 60187, NULL, NULL),(1000228, '792 Hillcrest Drive', 'Malden', 'MA', 2148, NULL, NULL),(1000229, '314 Briarwood Court', 'Bristol', 'CT', 6010, NULL, NULL),(1000230, '802 Aspen Drive', 'Austin', 'MN', 55912, NULL, NULL),(1000231, '917 George Street', 'Kalispell', 'MT', 59901, NULL, NULL),(1000232, '135 Oak Avenue', 'Coraopolis', 'PA', 15108, NULL, NULL),(1000233, '761 Mulberry Lane', 'Bayside', 'NY', 11361, NULL, NULL),(1000234, '849 Lake Street', 'Richardson', 'TX', 75080, NULL, NULL),(1000235, '578 Olive Street', 'Baltimore', 'MD', 21206, NULL, NULL),(1000236, '634 7th Avenue', 'Fairport', 'NY', 14450, NULL, NULL),(1000237, '322 State Street East', 'Deerfield Beach', 'FL', 33442, NULL, NULL),(1000238, '765 Grove Street', 'South Ozone Park', 'NY', 11420, NULL, NULL),(1000239, '511 Valley Drive', 'San Pablo', 'CA', 94806, NULL, NULL),(1000240, '545 Forest Avenue', 'Clayton', 'NC', 27520, NULL, NULL),(1000241, '771 Franklin Avenue', 'Windermere', 'FL', 34786, NULL, NULL),(1000242, '296 Church Street North', 'Oakland Gardens', 'NY', 11364, NULL, NULL),(1000243, '553 White Street', 'Hillsborough', 'NJ', 8844, NULL, NULL),(1000244, '313 Jones Street', 'Mason', 'OH', 45040, NULL, NULL),(1000245, '765 Willow Street', 'Lacey', 'WA', 98503, NULL, NULL),(1000246, '817 Walnut Avenue', 'Cuyahoga Falls', 'OH', 44221, NULL, NULL),(1000247, '11 Church Road', 'Zeeland', 'MI', 49464, NULL, NULL),(1000248, '828 Beech Street', 'North Royalton', 'OH', 44133, NULL, NULL),(1000249, '34 Adams Avenue', 'Mechanicsburg', 'PA', 17050, NULL, NULL),(1000250, '740 5th Avenue', 'Norwalk', 'CT', 6851, NULL, NULL),(1000251, '669 Park Street', 'Hallandale', 'FL', 33009, NULL, NULL),(1000252, '480 Country Lane', 'Dubuque', 'IA', 52001, NULL, NULL),(1000253, '208 Elm Avenue', 'Danvers', 'MA', 1923, NULL, NULL),(1000254, '889 Eagle Street', 'Montgomery', 'AL', 36109, NULL, NULL),(1000255, '365 Windsor Court', 'Wayne', 'NJ', 7470, NULL, NULL),(1000256, '90 Warren Avenue', 'Patchogue', 'NY', 11772, NULL, NULL),(1000257, '356 Magnolia Court', 'Harrisonburg', 'VA', 22801, NULL, NULL),(1000258, '833 Lafayette Avenue', 'Abingdon', 'MD', 21009, NULL, NULL),(1000259, '450 Street Road', 'Crawfordsville', 'IN', 47933, NULL, NULL),(1000260, '614 Main Street South', 'Westland', 'MI', 48185, NULL, NULL),(1000261, '845 North Street', 'Canton', 'GA', 30114, NULL, NULL),(1000262, '938 Maple Avenue', 'Orland Park', 'IL', 60462, NULL, NULL),(1000263, '911 Jasper Street', 'Kettleman', 'IN', 12462, NULL, NULL),(1000264, '911 Wilbur Road', 'Taylor', 'OH', 15372, NULL, NULL),(1000265, '4325 Cola Blvd', 'Berkey', 'CA', 12427, NULL, NULL),(1000266, '237 Eichman Lane', 'Asilia', 'RI', 12987, NULL, NULL),(1000267, '576 Renee Street', 'Wighman', 'AL', 12537, NULL, NULL),(1000268, '769 Bellow Drive', 'Chentle', 'AR', 15472, NULL, NULL),(1000269, '5890 Macon Blvd', 'Backersly', 'CA', 18932, NULL, NULL),(1000270, '23 Toad Road', 'Donner', 'MA', 16492, NULL, NULL),(1000271, '15687 Basken Blvd', 'Dimmelby', 'NC', 12117, NULL, NULL),(1000272, '342 Craig Ave', 'Cruize', 'SC', 14372, NULL, NULL),(1000273, '287 Miller Circle', 'Capers', 'KY', 12749, NULL, NULL),(1000274, '987 Johnson Road', 'Chenly', 'TN', 12527, NULL, NULL),(1000275, '6677 Stanton Street', 'Carleton', 'GA', 38762, NULL, NULL),(1000276, '9576 Checkyl Drive', 'Twostore', 'MI', 1283, NULL, NULL),(1000277, '3 Renisty Street', 'Micherky', 'MS', 12968, NULL, NULL),(1000278, '56 Capital Venue', 'Boomba', 'KS', 12276, NULL, NULL),(1000279, '3246 Grimes Blvd', 'Banerster', 'DE', 13252, NULL, NULL),(1000280, '4326 Missey Street', 'Dropler', 'NH', 12432, NULL, NULL),(1000999, '7959 Valleycrook Drive', 'Monroe', 'OH', 45044, NULL, NULL);

INSERT INTO SUBSCRIBERS
(SUBSCRIBER_NO, MEMBER_NO, LAST_NAME, FIRST_NAME, GENDER, SSN)
VALUES
(1000001, 1, 'Anderson', 'Linda', 'F', 123456789),(1000001, 2, 'Anderson', 'Michael', 'M', 123549876),(1000001, 3, 'Anderson', 'Bill', 'M', 321547789),(1000002, 1, 'Baker', 'Bonnie', 'F', 112456789),(1000002, 2, 'Baker', 'Mickey', 'M', 141549876),(1000002, 3, 'Baker', 'Dave', 'M', 213547789),(1000003, 1, 'Carlos', 'Maria', 'F', 877456789),(1000004, 1, 'Davis', 'Rick', 'M', 558549564),(1000004, 2, 'Davis', 'Dave', 'M', 543547112),(1000005, 1, 'Edelberg', 'Marsha', 'F', 458456125),(1000005, 2, 'Edelberg', 'Karl', 'M', 901549263),(1000005, 3, 'Edelberg', 'Willie', 'M', 614547876),(1000005, 4, 'Edelberg', 'Renee', 'F', 312456971),(1000006, 1, 'Frankin', 'Rex', 'M', 815756789),(1000007, 1, 'Zorn', 'Lacy', 'F', 890754184),(1000008, 1, 'Yancy', 'Sarah', 'F', 579721684),(1000009, 1, 'Xavier', 'Abigail', 'F', 487454425),(1000009, 2, 'Xavier', 'Wayne', 'M', 132565261),(1000009, 3, 'Xavier', 'Arthur', 'M', 644547854),(1000009, 4, 'Xavier', 'Chenny', 'F', 312451122),(1000009, 5, 'Xavier', 'Christy', 'F', 575676971),(1000010, 1, 'Victor', 'Ann', 'F', 887956789),(1000010, 2, 'Victor', 'Donnie', 'M', 443249876),(1000010, 3, 'Victor', 'Bennie', 'F', 456847789),(1000011, 1, 'Grayson', 'Fanny', 'F', 131356789),(1000011, 2, 'Grayson', 'Kyle', 'M', 247649876),(1000011, 3, 'Grayson', 'Henry', 'M', 373647789),(1000012, 1, 'Harrison', 'Shelly', 'F', 143756789),(1000013, 1, 'Lewis', 'Stan', 'M', 137949564),(1000013, 2, 'Lewis', 'Lou', 'M', 321447112),(1000014, 1, 'Marshan', 'Yanna', 'F', 687856125),(1000014, 2, 'Marshan', 'Raymond', 'M', 762349263),(1000014, 3, 'Marshan', 'Bo', 'M', 448847876),(1000014, 4, 'Marshan', 'Polly', 'F', 332256971),(1000015, 1, 'Nunan', 'Charles', 'M', 435656789),(1000016, 1, 'Oppenheimer', 'Cyndi', 'F', 779954184),(1000017, 1, 'Prada', 'Dottie', 'F', 662321684),(1000018, 1, 'Queen', 'Sally', 'F', 333254425),(1000018, 2, 'Queen', 'Stu', 'M', 444765261),(1000018, 3, 'Queen', 'Sid', 'M', 552247854),(1000018, 4, 'Queen', 'Cheyenne', 'F', 575751122),(1000018, 5, 'Queen', 'Lidia', 'F', 668976971),(1000019, 1, 'Anton', 'Sherry', 'F', 881234789),(1000019, 2, 'Anton', 'Ryan', 'M', 442134876),(1000019, 3, 'Anton', 'Madeline', 'F', 457689789),(1000020, 1, 'Thomas', 'Sheena', 'F', 135378789),(1000020, 2, 'Thomas', 'John', 'M', 248798976),(1000020, 3, 'Thomas', 'Anna', 'F', 375687989),(1000021, 1, 'Blanton', 'Betsy', 'F', 113579789),(1000022, 1, 'Strider', 'Chicky', 'F', 165347564),(1000022, 2, 'Strider', 'Anderson', 'M', 324445612),(1000023, 1, 'Benson', 'Ellen', 'F', 686677825),(1000023, 2, 'Benson', 'Walter', 'M', 762454563),(1000023, 3, 'Benson', 'Phillip', 'M', 442233476),(1000023, 4, 'Benson', 'Theodore', 'F', 336678871),(1000024, 1, 'Patterson', 'Dan', 'M', 432256789),(1000025, 1, 'Orly', 'Ester', 'F', 778877684),(1000026, 1, 'Verdon', 'Suzanne', 'F', 667798084),(1000027, 1, 'Patel', 'Marni', 'F', 332121225),(1000027, 2, 'Patel', 'Hitesh', 'M', 445566761),(1000027, 3, 'Patel', 'Vinnie', 'M', 552244456),(1000027, 4, 'Patel', 'Cici', 'F', 575745687),(1000027, 5, 'Patel', 'Bala', 'M', 662225671),(1000028, 1, 'Marshall', 'Dana', 'F', 111231122),(1000028, 2, 'Marshall', 'William', 'M', 132135432),(1000028, 3, 'Marshall', 'Leona', 'F', 132481356),(1000029, 1, 'Dalton', 'Marianne', 'F', 443371657),(1000029, 2, 'Dalton', 'George', 'M', 556692768),(1000029, 3, 'Dalton', 'Candy', 'F', 675585376),(1000030, 1, 'Perez', 'Blanca', 'F', 667778712),(1000031, 1, 'Swenson', 'Susan', 'F', 324547389),(1000031, 2, 'Swenson', 'Seth', 'M', 343441213),(1000032, 1, 'Nelson', 'Wanda', 'F', 545474658),(1000032, 2, 'Nelson', 'Wilson', 'M', 787851538),(1000032, 3, 'Nelson', 'Richard', 'M', 354637349),(1000032, 4, 'Nelson', 'Sidney', 'F', 243571548),(1000033, 1, 'Poston', 'Derrick', 'M', 578954647),(1000034, 1, 'Charlebois', 'Donna', 'F', 668823354),(1000034, 2, 'Charlebois', 'Larry', 'M', 893461286),(1000034, 3, 'Charlebois', 'Watson', 'M', 347641789),(1000034, 4, 'Charlebois', 'Diamond', 'F', 236447342),(1000034, 5, 'Charlebois', 'Nickolas', 'M', 323425454),(1000035, 1, 'Westerman', 'Connie', 'F', 337732324),(1000035, 2, 'Westerman', 'Damian', 'M', 545437676),(1000035, 3, 'Westerman', 'Maggie', 'F', 762387687),(1000036, 1, 'Seliak', 'Erin', 'F', 445573647),(1000036, 2, 'Seliak', 'Joe', 'M', 734792436),(1000036, 3, 'Seliak', 'Fanny', 'F', 128783646),(1000037, 1, 'Cheston', 'Bob', 'M', 557772657),(1000038, 1, 'Austran', 'Terri', 'F', 772241768),(1000038, 2, 'Austran', 'Kerry', 'M', 326543547),(1000039, 1, 'Calibre', 'Kim', 'F', 559975476),(1000039, 2, 'Calibre', 'Chris', 'M', 213556348),(1000039, 3, 'Calibre', 'Bob', 'M', 763334356),(1000039, 4, 'Calibre', 'Tammy', 'F', 721377676),(1000040, 1, 'Chan', 'Jerry', 'M', 375757723),(1000041, 1, 'Aster', 'Gerry', 'F', 735377634),(1000042, 1, 'Jordan', 'Yanna', 'F', 893496736),(1000043, 1, 'Cooley', 'Xeo', 'F', 756221536),(1000043, 2, 'Cooley', 'Adele', 'M', 465761538),(1000043, 3, 'Cooley', 'Zor', 'M', 142541254),(1000043, 4, 'Cooley', 'Mona', 'F', 372846677),(1000043, 5, 'Cooley', 'Zei', 'M', 328922424),(1000044, 1, 'Ozen', 'Tanya', 'F', 567973376),(1000045, 1, 'Subrarian', 'Tona', 'F', 321198835),(1000046, 1, 'Millen', 'Lana', 'F', 576221526),(1000046, 2, 'Millen', 'Jason', 'M', 243761538),(1000046, 3, 'Millen', 'Luke', 'M', 324541254),(1000047, 1, 'Katz', 'Mandy', 'F', 372465677),(1000047, 2, 'Katz', 'Kevin', 'M', 328576424),(1000048, 1, 'Backel', 'Sherry', 'F', 756465536),(1000048, 2, 'Backel', 'Richard', 'M', 465564338),(1000048, 3, 'Backel', 'Zachary', 'M', 142567354),(1000048, 4, 'Backel', 'Bob', 'M', 149834254),(1000049, 1, 'Chase', 'Manny', 'M', 321122424),(1000049, 2, 'Chase', 'Lona', 'F', 756222436),(1000049, 3, 'Chase', 'Roy', 'M', 465764578),(1000049, 4, 'Chase', 'Dianne', 'F', 142522354),(1000049, 5, 'Chase', 'Casey', 'M', 142512154),(1000050, 1, 'Lonestar', 'Kate', 'F', 111345462),(1000050, 2, 'Lonestar', 'Jon', 'M', 133546732),(1000050, 3, 'Lonestar', 'Lorna', 'F', 212131356),(1000051, 1, 'Colson', 'Barbara', 'F', 444457657),(1000051, 2, 'Colson', 'Greg', 'M', 556676788),(1000051, 3, 'Colson', 'Annamarie', 'F', 674432176),(1000052, 1, 'Gonzales', 'Cynthia', 'F', 663465712),(1000053, 1, 'Libertan', 'Sharon', 'F', 356567389),(1000053, 2, 'Libertan', 'Matt', 'M', 343445443),(1000054, 1, 'Jones', 'Rhonda', 'F', 544679858),(1000054, 2, 'Jones', 'Michael', 'M', 787423548),(1000054, 3, 'Jones', 'Todd', 'M', 355678349),(1000054, 4, 'Jones', 'Erin', 'F', 23465748),(1000055, 1, 'Currier', 'Rock', 'M', 578951113),(1000056, 1, 'Bando', 'Bonnie', 'F', 567971299),(1000057, 1, 'Rechdan', 'Charlie', 'M', 321178789),(1000058, 1, 'Burrus', 'Leah', 'F', 444773354),(1000058, 2, 'Burrus', 'Aubrey', 'M', 787891286),(1000058, 3, 'Burrus', 'Terry', 'M', 348887789),(1000058, 4, 'Burrus', 'Fanny', 'F', 238787142),(1000058, 5, 'Burrus', 'Brett', 'M', 320009854),(1000059, 1, 'Cook', 'Sally', 'F', 331212524),(1000059, 2, 'Cook', 'Henry', 'M', 545778996),(1000059, 3, 'Cook', 'Mandy', 'F', 764444687),(1000060, 1, 'Ranley', 'Fonda', 'F', 445555647),(1000060, 2, 'Ranley', 'Ari', 'M', 734796666),(1000060, 3, 'Ranley', 'Mona', 'F', 128787645),(1000061, 1, 'Chorly', 'Richard', 'M', 556662657),(1000062, 1, 'Wenson', 'Wanda', 'F', 776767768),(1000062, 2, 'Wenson', 'Dave', 'M', 326678947),(1000063, 1, 'Richman', 'Misty', 'F', 559955555),(1000063, 2, 'Richman', 'Chris', 'M', 213567658),(1000063, 3, 'Richman', 'Sal', 'M', 763568766),(1000063, 4, 'Richman', 'Sara', 'F', 676547676),(1000064, 1, 'Butler', 'Owen', 'M', 376587823),(1000065, 1, 'Amstad', 'Cassie', 'F', 735367674),(1000066, 1, 'Tesley', 'Diana', 'F', 866566736),(1000067, 1, 'Cameron', 'Diane', 'F', 756666786),(1000067, 2, 'Cameron', 'Sirhan', 'M', 462224438),(1000067, 3, 'Cameron', 'Donald', 'M', 142676784),(1000067, 4, 'Cameron', 'Cathy', 'F', 377888777),(1000067, 5, 'Cameron', 'Randall', 'M', 328888824),(1000068, 1, 'Kichman', 'Cammy', 'F', 117777122),(1000068, 2, 'Kichman', 'Thomas', 'M', 136666432),(1000068, 3, 'Kichman', 'Renee', 'F', 132455556),(1000069, 1, 'Weber', 'Kelly', 'F', 443888877),(1000069, 2, 'Weber', 'Ray', 'M', 556699999),(1000069, 3, 'Weber', 'Sugar', 'F', 675588873),(1000070, 1, 'Nielson', 'Thena', 'F', 667711123),(1000071, 1, 'Barbodose', 'Lily', 'F', 324543567),(1000071, 2, 'Barbodose', 'Idaho', 'M', 343444213),(1000072, 1, 'Nguyen', 'Via', 'F', 545445568),(1000072, 2, 'Nguyen', 'Lai', 'M', 787887768),(1000072, 3, 'Nguyen', 'Sudham', 'M', 354565329),(1000072, 4, 'Nguyen', 'Sharee', 'F', 243565768),(1000073, 1, 'Cobble', 'Peter', 'M', 578787847),(1000074, 1, 'Stone', 'Betty', 'F', 567967688),(1000075, 1, 'Flyer', 'Boris', 'M', 327657835),(1000076, 1, 'Gonzales', 'Donna', 'F', 698980354),(1000076, 2, 'Gonzales', 'Larry', 'M', 877886286),(1000076, 3, 'Gonzales', 'Nester', 'M', 347865489),(1000076, 4, 'Gonzales', 'Petra', 'F', 236455675),(1000076, 5, 'Gonzales', 'Pedro', 'M', 325541154),(1000077, 1, 'Mooney', 'Paula', 'F', 332342324),(1000077, 2, 'Mooney', 'Tonto', 'M', 545782346),(1000077, 3, 'Mooney', 'Missy', 'F', 766578987),(1000078, 1, 'Bronson', 'Mary', 'F', 444645747),(1000078, 2, 'Bronson', 'Ted', 'M', 734743456),(1000078, 3, 'Bronson', 'Kerry', 'F', 128342326),(1000079, 1, 'Capers', 'Kevin', 'M', 557565777),(1000080, 1, 'Stateson', 'Dana', 'F', 722234768),(1000080, 2, 'Stateson', 'Tag', 'M', 377990547),(1000081, 1, 'Tober', 'Nancy', 'F', 550008776),(1000081, 2, 'Tober', 'Chris', 'M', 213555000),(1000081, 3, 'Tober', 'Jeffrey', 'M', 762219856),(1000081, 4, 'Tober', 'Constance', 'F', 725236776),(1000082, 1, 'Mason', 'Roy', 'M', 377766523),(1000083, 1, 'Siris', 'Monalisa', 'F', 739811334),(1000084, 1, 'Pumpler', 'Jenny', 'F', 800898736),(1000085, 1, 'Trudeau', 'Castle', 'F', 756523136),(1000085, 2, 'Trudeau', 'Jerimiah', 'M', 468789838),(1000085, 3, 'Trudeau', 'Corey', 'M', 166557254),(1000085, 4, 'Trudeau', 'June', 'F', 377898677),(1000085, 5, 'Trudeau', 'Anton', 'M', 322134524),(1000086, 1, 'Kennedy', 'Cecilia', 'F', 111554672),(1000086, 2, 'Kennedy', 'Barry', 'M', 136798732),(1000086, 3, 'Kennedy', 'Maria', 'F', 144567356),(1000087, 1, 'Reagan', 'Lois', 'F', 447687957),(1000087, 2, 'Reagan', 'Garth', 'M', 555656768),(1000087, 3, 'Reagan', 'Shauna', 'F', 677879076),(1000088, 1, 'Omeara', 'Shawna', 'F', 667898762),(1000089, 1, 'Goodley', 'Ellen', 'F', 327872189),(1000089, 2, 'Goodley', 'Ryan', 'M', 343453453),(1000090, 1, 'Hauser', 'Pamela', 'F', 547689058),(1000090, 2, 'Hauser', 'Gareth', 'M', 785764338),(1000090, 3, 'Hauser', 'Robert', 'M', 354446789),(1000090, 4, 'Hauser', 'Morgan', 'F', 243545678),(1000091, 1, 'Woods', 'Donny', 'M', 576782047),(1000092, 1, 'Bundle', 'Chenney', 'F', 566258976),(1000093, 1, 'Chopra', 'Margaret', 'F', 325566445),(1000094, 1, 'Clinton', 'Dawn', 'F', 668657464),(1000094, 2, 'Clinton', 'Carter', 'M', 895511486),(1000094, 3, 'Clinton', 'Morgan', 'M', 347555559),(1000094, 4, 'Clintons', 'Genna', 'F', 236444444),(1000094, 5, 'Clinton', 'Gerald', 'M', 323455446),(1000095, 1, 'Sherman', 'Anna', 'F', 356544324),(1000095, 2, 'Sherman', 'Frank', 'M', 545411990),(1000095, 3, 'Sherman', 'Jody', 'F', 763245687),(1000096, 1, 'Chauncey', 'Jodi', 'F', 446687947),(1000096, 2, 'Chauncey', 'Joel', 'M', 734123546),(1000096, 3, 'Chauncey', 'Manny', 'F', 127679046),(1000097, 1, 'Mindo', 'Rob', 'M', 559021357),(1000098, 1, 'Myers', 'Sherri', 'F', 772135768),(1000098, 2, 'Myers', 'Manny', 'M', 320098047),(1000099, 1, 'Lincoln', 'Rhonda', 'F', 559909090),(1000099, 2, 'Lincolne', 'Corben', 'M', 213573452),(1000099, 3, 'Lincoln', 'Ari', 'M', 767614956),(1000099, 4, 'Lincoln', 'Andi', 'F', 700099676),(1000100, 1, 'Tremont', 'Fred', 'M', 375714689),(1000101, 1, 'Postle', 'Fredrica', 'F', 730908734),(1000102, 1, 'Babra', 'Baba', 'F', 899898136),(1000103, 1, 'Chesko', 'Corrine', 'F', 752357836),(1000103, 2, 'Chesko', 'Alan', 'M', 465879128),(1000103, 3, 'Chesko', 'Edward', 'M', 147132454),(1000103, 4, 'Chesko', 'Elizabeth', 'F', 393547677),(1000103, 5, 'Chesko', 'Erik', 'M', 328871234),(1000104, 1, 'Preston', 'Savannah', 'F', 183764122),(1000104, 2, 'Preston', 'Dick', 'M', 137799832),(1000104, 3, 'Preston', 'Sheila', 'F', 155546356),(1000105, 1, 'Christen', 'Marta', 'F', 443161757),(1000105, 2, 'Christen', 'Dan', 'M', 556980098),(1000105, 3, 'Christen', 'Biddy', 'F', 671177076),(1000106, 1, 'Brando', 'Cherish', 'F', 181698712),(1000107, 1, 'Pitt', 'Lena', 'F', 232467389),(1000108, 1, 'Varnes', 'Dave', 'M', 444556324),(1000108, 2, 'Pitt', 'Bradley', 'M', 343661503),(1000109, 1, 'Rexus', 'Farina', 'F', 137684658),(1000109, 2, 'Rexus', 'Douglas', 'M', 996671538),(1000109, 3, 'Rexus', 'Eric', 'M', 537897349),(1000109, 4, 'Rexus', 'Chance', 'F', 243004008),(1000110, 1, 'Chase', 'Constantine', 'M', 578548977),(1000111, 1, 'Wenton', 'Alyssa', 'F', 569912376),(1000112, 1, 'Wright', 'Seema', 'F', 321647895),(1000113, 1, 'Rendell', 'Corin', 'F', 668798354),(1000113, 2, 'Rendell', 'Chase', 'M', 893415719),(1000113, 3, 'Rendell', 'Speed', 'M', 347647892),(1000113, 4, 'Rendell', 'Paula', 'F', 237268842),(1000113, 5, 'Rendell', 'Cat', 'M', 323915764),(1000114, 1, 'Bakerson', 'Belinda', 'F', 332266724),(1000114, 2, 'Bakerson', 'Roger', 'M', 548421676),(1000114, 3, 'Bakerson', 'Mindy', 'F', 789161687),(1000115, 1, 'Zao', 'Mandy', 'F', 879093647),(1000115, 2, 'Zao', 'Roy', 'M', 734337686),(1000115, 3, 'Zao', 'Leah', 'F', 129161146),(1000116, 1, 'Carlson', 'Lee', 'M', 557164757),(1000117, 1, 'Adible', 'Sandy', 'F', 791680768),(1000117, 2, 'Adible', 'Torrence', 'M', 331579547),(1000118, 1, 'Connors', 'Betty', 'F', 559281676),(1000118, 2, 'Connors', 'Christopher', 'M', 282798348),(1000118, 3, 'Connors', 'Mitch', 'M', 768921456),(1000118, 4, 'Connors', 'Machela', 'F', 932687676),(1000119, 1, 'Befurd', 'Harry', 'M', 384789723),(1000120, 1, 'Posomad', 'Hansel', 'F', 735311657),(1000121, 1, 'Kriloriazn', 'Xavier', 'F', 893856806),(1000122, 1, 'Rondo', 'April', 'F', 756937896),(1000122, 2, 'Rondo', 'Tom', 'M', 468378938),(1000122, 3, 'Rondo', 'Tim', 'M', 142892674),(1000122, 4, 'Rondo', 'Torrey', 'F', 372898097),(1000122, 5, 'Rondo', 'Kelly', 'M', 328155624),(1000123, 1, 'Benter', 'Dana', 'F', 753245896),(1000124, 1, 'Jace', 'Tom', 'M', 435468938),(1000124, 2, 'Jace', 'Greg', 'M', 142891435),(1000125, 1, 'Keller', 'Sally', 'F', 372891568),(1000125, 2, 'Keller', 'Ken', 'M', 328165784),(1000125, 3, 'Keller', 'Diane', 'F', 756576896),(1000125, 4, 'Keller', 'Ted', 'M', 468874638),(1000126, 1, 'Metz', 'Tyler', 'M', 142857354),(1000127, 1, 'Lileman', 'Candy', 'F', 372335497),(1000127, 2, 'Lileman', 'Bill', 'M', 328547624),(1000128, 1, 'Oleary', 'Debbie', 'F', 118798022),(1000128, 2, 'Oleary', 'Sidney', 'M', 130021532),(1000128, 3, 'Oleary', 'Debra', 'F', 132090986),(1000129, 1, 'West', 'Rhoda', 'F', 449090957),(1000129, 2, 'West', 'Gandy', 'M', 556002128),(1000129, 3, 'West', 'Susanne', 'F', 670090976),(1000130, 1, 'Changria', 'Nancy', 'F', 660021612),(1000131, 1, 'Battle', 'Sharene', 'F', 324009129),(1000131, 2, 'Battle', 'Mickey', 'M', 348980013),(1000132, 1, 'Holt', 'Lara', 'F', 540001258),(1000132, 2, 'Holt', 'Archer', 'M', 787001008),(1000132, 3, 'Holt', 'Cole', 'M', 354928459),(1000132, 4, 'Holtn', 'Cassie', 'F', 249280748),(1000133, 1, 'Manners', 'Mathew', 'M', 578212647),(1000133, 2, 'Manners', 'Blue', 'F', 568932476),(1000133, 3, 'Manners', 'Charlotte', 'F', 321210205),(1000134, 1, 'Stubbleford', 'Diane', 'F', 600956354),(1000134, 2, 'Stubbleford', 'Barry', 'M', 893003576),(1000134, 3, 'Stubbleford', 'Clifton', 'M', 347010929),(1000134, 4, 'Stubbleford', 'Victoria', 'F', 230902142),(1000134, 5, 'Stubbleford', 'Brad', 'M', 323409456),(1000135, 1, 'Bluebonnet', 'Meena', 'F', 337890204),(1000135, 2, 'Bluebonnet', 'David', 'M', 540914276),(1000135, 3, 'Bluebonnet', 'Wyant', 'F', 762003307),(1000136, 1, 'Ceceliar', 'Ava', 'F', 445902317),(1000136, 2, 'Ceceliar', 'Gordon', 'M', 734090336),(1000136, 3, 'Ceceliar', 'Evie', 'F', 9900646),(1000137, 1, 'Badley', 'Roberto', 'M', 557990088),(1000138, 1, 'Chandler', 'Merri', 'F', 772092678),(1000138, 2, 'Chandler', 'Terry', 'M', 326002037),(1000139, 1, 'McQuiggan', 'Kimmy', 'F', 550032176),(1000139, 2, 'McQuiggan', 'Juston', 'M', 213509856),(1000139, 3, 'McQuiggan', 'Jordon', 'M', 763002576),(1000139, 4, 'McQuiggan', 'Tallahasee', 'F', 790980676),(1000140, 1, 'Sweat', 'Girt', 'M', 300000723),(1000141, 1, 'Sirilee', 'Philomena', 'F', 735300257),(1000142, 1, 'Cancope', 'Cindy', 'F', 893401114),(1000143, 1, 'Randle', 'Leslie', 'F', 756289005),(1000143, 2, 'Randle', 'Andy', 'M', 465002245),(1000143, 3, 'Randle', 'Yorky', 'M', 149800234),(1000143, 4, 'Randle', 'Zoe', 'F', 376711077),(1000143, 5, 'Randle', 'Manny', 'M', 301443424),(1000144, 1, 'Watterson', 'Ana', 'F', 111048922),(1000144, 2, 'Watterson', 'Jeremy', 'M', 190908432),(1000144, 3, 'Watterson', 'Annette', 'F', 139324756),(1000145, 1, 'Marinar', 'Tonya', 'F', 570071657),(1000145, 2, 'Marinar', 'Tory', 'M', 550034768),(1000145, 3, 'Marinar', 'Tammy', 'F', 670091376),(1000146, 1, 'Sundry', 'Susan', 'F', 667890902),(1000147, 1, 'Vendle', 'Evelyn', 'F', 392909809),(1000147, 2, 'Vendle', 'Star', 'M', 343415687),(1000148, 1, 'Paulson', 'Marsha', 'F', 545226658),(1000148, 2, 'Paulson', 'Orly', 'M', 787797108),(1000148, 3, 'Paulson', 'Pat', 'M', 350101949),(1000148, 4, 'Paulson', 'Queen', 'F', 243916788),(1000149, 1, 'Chi', 'Roy', 'M', 578648907),(1000150, 1, 'Dai', 'Stella', 'F', 569216876),(1000151, 1, 'Keelow', 'Tina', 'F', 376940835),(1000152, 1, 'Jackson', 'Una', 'F', 668909024),(1000152, 2, 'Jackson', 'Victor', 'M', 893260086),(1000152, 3, 'Jackson', 'Wheeler', 'M', 340110089),(1000152, 4, 'Jackson', 'Yana', 'F', 200100542),(1000152, 5, 'Jackson', 'Thor', 'M', 301880054),(1000153, 1, 'Jandell', 'Barb', 'F', 356023324),(1000153, 2, 'Jandell', 'Ben', 'M', 590989076),(1000153, 3, 'Jandell', 'Laura', 'F', 770208687),(1000154, 1, 'Mulrooney', 'Fanny', 'F', 401102347),(1000154, 2, 'Mulrooney', 'Johnathan', 'M', 701569036),(1000154, 3, 'Mulrooney', 'Natalie', 'F', 125478916),(1000155, 1, 'Edelron', 'Nathan', 'M', 559023057),(1000156, 1, 'Embern', 'Lottie', 'F', 779040068),(1000156, 2, 'Embern', 'Ken', 'M', 326500038),(1000157, 1, 'Montlebon', 'Kendra', 'F', 550160076),(1000157, 2, 'Montlebon', 'Tommy', 'M', 202906048),(1000157, 3, 'Montlebon', 'Billy', 'M', 760380806),(1000157, 4, 'Montlebon', 'Brandy', 'F', 729043526),(1000158, 1, 'Braceley', 'Thomas', 'M', 379030803),(1000159, 1, 'Charter', 'Kelly', 'F', 730102034),(1000160, 1, 'Dockey', 'Renee', 'F', 893005500),(1000161, 1, 'Bradberry', 'Sally', 'F', 756000536),(1000161, 2, 'Bradberry', 'Bradley', 'M', 465001538),(1000161, 3, 'Bradberry', 'Stanley', 'M', 142041254),(1000161, 4, 'Bradberry', 'Mindy', 'F', 372000677),(1000161, 5, 'Bradberry', 'Rex', 'M', 328900024),(1000162, 1, 'Nunce', 'Carla', 'F', 111231002),(1000162, 2, 'Nunce', 'Raymond', 'M', 132130002),(1000162, 3, 'Nunce', 'Lola', 'F', 132480006),(1000163, 1, 'Sedric', 'Steffie', 'F', 443371000),(1000163, 2, 'Sedric', 'Greg', 'M', 550002768),(1000163, 3, 'Sedric', 'Joanne', 'F', 675500096),(1000164, 1, 'Winney', 'Joanna', 'F', 667900912),(1000165, 1, 'Flyton', 'Millie', 'F', 320047389),(1000165, 2, 'Flyton', 'Butch', 'M', 300341213),(1000166, 1, 'Cabinara', 'Rene', 'F', 545094758),(1000166, 2, 'Cabinara', 'Bryan', 'M', 780030538),(1000166, 3, 'Cabinara', 'Kelly', 'M', 354022749),(1000166, 4, 'Cabinara', 'Wendy', 'F', 243038448),(1000167, 1, 'Blanders', 'Allan', 'M', 578903247),(1000168, 1, 'Cableton', 'Angela', 'F', 590033376),(1000169, 1, 'Young', 'Allison', 'F', 329036835),(1000170, 1, 'Boston', 'Margie', 'F', 668003354),(1000170, 2, 'Boston', 'Barry', 'M', 893000286),(1000170, 3, 'Boston', 'Troy', 'M', 300041789),(1000170, 4, 'Boston', 'Sparkle', 'F', 236440400),(1000170, 5, 'Boston', 'Milton', 'M', 323424440),(1000171, 1, 'Hightower', 'Constance', 'F', 337590024),(1000171, 2, 'Hightowern', 'Darius', 'M', 545489034),(1000171, 3, 'Hightower', 'Annabelle', 'F', 765614787),(1000172, 1, 'Owens', 'Lola', 'F', 449008747),(1000172, 2, 'Owens', 'Stephen', 'M', 734891656),(1000172, 3, 'Owens', 'Misty', 'F', 128000046),(1000173, 1, 'Ridley', 'Pedro', 'M', 557000007),(1000174, 1, 'Moseby', 'Shelly', 'F', 790909898),(1000174, 2, 'Moseby', 'Theo', 'M', 411143547),(1000175, 1, 'Bannerman', 'Elena', 'F', 3765476),(1000175, 2, 'Bannerman', 'Sean', 'M', 210035448),(1000175, 3, 'Bannerman', 'Dean', 'M', 703345356),(1000175, 4, 'Bannerman', 'Diana', 'F', 720455676),(1000176, 1, 'McQuire', 'Gerry', 'M', 370368923),(1000177, 1, 'Opendaily', 'Gary', 'F', 739032434),(1000178, 1, 'Ott', 'Alison', 'F', 898906036),(1000179, 1, 'Carter', 'Ava', 'F', 757003436),(1000179, 2, 'Carter', 'Allen', 'M', 469020038),(1000179, 3, 'Carter', 'Bart', 'M', 142067604),(1000179, 4, 'Carter', 'Evie', 'F', 372800320),(1000179, 5, 'Carter', 'Mitchell', 'M', 328790024),(1000180, 1, 'Hoseman', 'June', 'F', 111354672),(1000180, 2, 'Hoseman', 'Nova', 'M', 138913432),(1000180, 3, 'Hoseman', 'Sushma', 'F', 136467856),(1000181, 1, 'Bosterman', 'Beth', 'F', 449003357),(1000181, 2, 'Bosterman', 'Anson', 'M', 555690068),(1000181, 3, 'Bosterman', 'Judy', 'F', 675902316),(1000182, 1, 'Blue', 'Mary', 'F', 669000612),(1000183, 1, 'Chinney', 'Marybeth', 'F', 327834289),(1000183, 2, 'Chinney', 'Stone', 'M', 346324763),(1000184, 1, 'Adamire', 'Charlemagne', 'F', 545009088),(1000184, 2, 'Adamire', 'Brit', 'M', 705059538),(1000184, 3, 'Adamire', 'Donny', 'M', 350342549),(1000184, 4, 'Adamire', 'Ariel', 'F', 243036488),(1000185, 1, 'Bannon', 'Benson', 'M', 579032647),(1000186, 1, 'Carlton', 'Theresa', 'F', 567030026),(1000187, 1, 'Daniels', 'Tinamarie', 'F', 321020105),(1000188, 1, 'Emberday', 'Lucy', 'F', 669012454),(1000188, 2, 'Emberday', 'Lucky', 'M', 893015106),(1000188, 3, 'Emberday', 'Rick', 'M', 347070889),(1000188, 4, 'Emberday', 'Bonnie', 'F', 236338002),(1000188, 5, 'Emberday', 'Stuart', 'M', 321470054),(1000189, 1, 'Gorbachev', 'Amy', 'F', 339500024),(1000189, 2, 'Gorbachev', 'Freddy', 'M', 545786006),(1000189, 3, 'Gorbachev', 'Grace', 'F', 762489047),(1000190, 1, 'Amtrail', 'Helen', 'F', 447370047),(1000190, 2, 'Amtrail', 'Ignatius', 'M', 730370036),(1000190, 3, 'Amtrail', 'Janey', 'F', 128021606),(1000191, 1, 'Hana', 'Kyle', 'M', 557027907),(1000192, 1, 'Kognelly', 'Kylie', 'F', 772203800),(1000192, 2, 'Kognelly', 'Lester', 'M', 326903607),(1000193, 1, 'Edsell', 'Mindy', 'F', 550389076),(1000193, 2, 'Edsell', 'Norris', 'M', 210368848),(1000193, 3, 'Edsell', 'Olin', 'M', 789765356),(1000193, 4, 'Edsell', 'Patricia', 'F', 721980706),(1000194, 1, 'Walter', 'Rene', 'M', 374867823),(1000195, 1, 'Reed', 'Sheila', 'F', 730307034),(1000196, 1, 'Makon', 'Tonya', 'F', 899056736),(1000197, 1, 'Hammerstein', 'Lee', 'F', 756548006),(1000197, 2, 'Hammerstein', 'Lenny', 'M', 465038908),(1000197, 3, 'Hammerstein', 'Max', 'M', 142026204),(1000197, 4, 'Hammerstein', 'Norah', 'F', 370378477),(1000197, 5, 'Hammerstein', 'Perry', 'M', 329026124),(1000198, 1, 'Billups', 'Rhoda', 'F', 110268922),(1000198, 2, 'Billups', 'Louis', 'M', 139034632),(1000198, 3, 'Billups', 'Star', 'F', 139034656),(1000199, 1, 'Samuels', 'Alison', 'F', 449023457),(1000199, 2, 'Samuels', 'Bobby', 'M', 559087668),(1000199, 3, 'Samuels', 'Chandra', 'F', 679807776),(1000200, 1, 'Chardon', 'Danielle', 'F', 668920012),(1000201, 1, 'Unsley', 'Erin', 'F', 329020089),(1000201, 2, 'Unsley', 'Aldo', 'M', 349042113),(1000202, 1, 'Quando', 'Ester', 'F', 545000418),(1000202, 2, 'Quando', 'Aaron', 'M', 780598038),(1000202, 3, 'Quando', 'Wyatt', 'M', 354091239),(1000202, 4, 'Quando', 'Rianne', 'F', 247836248),(1000203, 1, 'Summersett', 'Mitch', 'M', 579023047),(1000204, 1, 'Knightly', 'Lena', 'F', 567121006),(1000205, 1, 'Henry', 'July', 'F', 321102220),(1000206, 1, 'Rattlesbey', 'Ester', 'F', 678780054),(1000206, 2, 'Rattlesbey', 'Lew', 'M', 895400886),(1000206, 3, 'Rattlesbey', 'David', 'M', 302700789),(1000206, 4, 'Rattlesbey', 'Donna', 'F', 230379042),(1000206, 5, 'Rattlesbey', 'Kenneth', 'M', 303350454),(1000207, 1, 'Pepper', 'Charla', 'F', 337027004),(1000207, 2, 'Pepper', 'Denver', 'M', 540404076),(1000207, 3, 'Pepper', 'Flora', 'F', 760707787),(1000208, 1, 'Hanson', 'Gina', 'F', 445576004),(1000208, 2, 'Hanson', 'Gonzo', 'M', 730780036),(1000208, 3, 'Hanson', 'Henrietta', 'F', 120170946),(1000209, 1, 'Harper', 'Joseph', 'M', 559050057),(1000210, 1, 'Villa', 'Kerri', 'F', 700890768),(1000210, 2, 'Villan', 'Dillon', 'M', 303032547),(1000211, 1, 'Aucker', 'Fawn', 'F', 550568776),(1000211, 2, 'Aucker', 'Davis', 'M', 213022678),(1000211, 3, 'Aucker', 'Shawn', 'M', 760035656),(1000211, 4, 'Aucker', 'Dawn', 'F', 721876896),(1000212, 1, 'Grayson', 'Mike', 'M', 379008023),(1000213, 1, 'Halifax', 'Penny', 'F', 739567034),(1000214, 1, 'Kemper', 'Violet', 'F', 899860036),(1000215, 1, 'Dodson', 'Ari', 'F', 756367506),(1000215, 2, 'Dodson', 'Amber', 'M', 469375638),(1000215, 3, 'Dodson', 'Tony', 'M', 100457084),(1000215, 4, 'Dodson', 'Tori', 'F', 372093457),(1000215, 5, 'Dodson', 'Happy', 'M', 320367624),(1000216, 1, 'Fennell', 'Sheri', 'F', 111617822),(1000216, 2, 'Fennell', 'Willie', 'M', 132897682),(1000216, 3, 'Fennell', 'Lorna', 'F', 139326756),(1000217, 1, 'Walton', 'Gracey', 'F', 443935677),(1000217, 2, 'Walton', 'Garry', 'M', 559456768),(1000217, 3, 'Walton', 'Kylie', 'F', 687567376),(1000218, 1, 'Bernier', 'Perez', 'F', 667321562),(1000219, 1, 'Kettlemar', 'Flower', 'F', 324037009),(1000219, 2, 'Kettlemar', 'Ricky', 'M', 343020063),(1000220, 1, 'Lawson', 'Jorge', 'M', 122323221),(1000221, 1, 'Edwan', 'Bobby', 'M', 776419955),(1000222, 1, 'Dalton', 'Bob', 'M', 776629955),(1000223, 1, 'Allan', 'Candy', 'F', 188329921),(1000224, 1, 'Warren', 'Lonnie', 'M', 123987324),(1000225, 1, 'Bachman', 'Kris', 'F', 186629921),(1000226, 1, 'Kotlaba', 'Jayme', 'M', 123423221),(1000227, 1, 'Barnes', 'Connie', 'F', 123956324),(1000228, 1, 'Carnes', 'Donnie', 'M', 443956324),(1000229, 1, 'Carlton', 'Jane', 'F', 186629955),(1000230, 1, 'Quick', 'Louanne', 'F', 545020048),(1000230, 2, 'Quick', 'Jason', 'M', 780209838),(1000230, 3, 'Quick', 'Billy', 'M', 354044009),(1000230, 4, 'Quick', 'Pammy', 'F', 243503700),(1000231, 1, 'Renderley', 'Drake', 'M', 570260047),(1000232, 1, 'Esterman', 'Tina', 'F', 567043676),(1000233, 1, 'Rogers', 'June', 'F', 321075705),(1000234, 1, 'Watson', 'Claire', 'F', 660308954),(1000234, 2, 'Watson', 'Gregory', 'M', 893907006),(1000234, 3, 'Watson', 'Ryan', 'M', 347673409),(1000234, 4, 'Watson', 'Ryanne', 'F', 236021342),(1000234, 5, 'Watson', 'Jackson', 'M', 328923054),(1000235, 1, 'Holmes', 'Blue', 'F', 330032124),(1000235, 2, 'Holmes', 'Dirk', 'M', 545908096),(1000235, 3, 'Holmes', 'Maddie', 'F', 762303890),(1000236, 1, 'Cruise', 'Karen', 'F', 445576456),(1000236, 2, 'Cruise', 'Bo', 'M', 734789321),(1000236, 3, 'Cruise', 'Kendra', 'F', 128956746),(1000237, 1, 'Davis', 'Keith', 'M', 556426757),(1000238, 1, 'Rickman', 'Stuart', 'F', 778923468),(1000238, 2, 'Rickman', 'Sid', 'M', 328567847),(1000239, 1, 'Mandel', 'Rhonda', 'F', 557978076),(1000239, 2, 'Mandel', 'Ray', 'M', 217456748),(1000239, 3, 'Mandel', 'Keith', 'M', 768906756),(1000239, 4, 'Mandel', 'Tonya', 'F', 721891006),(1000240, 1, 'Applegate', 'Kevin', 'M', 375745600),(1000241, 1, 'Brose', 'Silk', 'F', 730080034),(1000242, 1, 'Flemming', 'Amarillo', 'F', 890320036),(1000243, 1, 'Masters', 'Beena', 'F', 756018006),(1000243, 2, 'Masters', 'Bennie', 'M', 465027908),(1000243, 3, 'Masters', 'Bart', 'M', 140289054),(1000243, 4, 'Masters', 'Ari', 'F', 372890345),(1000243, 5, 'Masters', 'Michael', 'M', 328893004),(1000244, 1, 'Subrarian', 'Sarah', 'F', 111200037),(1000244, 2, 'Subrarian', 'Ryder', 'M', 132189634),(1000244, 3, 'Subrarian', 'Sky', 'F', 132789806),(1000245, 1, 'Mihn', 'Sally', 'F', 443035797),(1000245, 2, 'Mihn', 'Chase', 'M', 558956068),(1000245, 3, 'Mihn', 'Cassie', 'F', 670378076),(1000246, 1, 'Bane', 'Pinky', 'F', 660408012),(1000247, 1, 'Sloan', 'Carling', 'F', 328904589),(1000247, 2, 'Sloan', 'Nellie', 'M', 343786893),(1000248, 1, 'Currier', 'Chrissy', 'F', 549807758),(1000248, 2, 'Currier', 'Turner', 'M', 787892328),(1000248, 3, 'Currier', 'Chester', 'M', 354787999),(1000248, 4, 'Currier', 'Missy', 'F', 243890328),(1000249, 1, 'Henson', 'Jo', 'F', 122329921),(1000250, 1, 'Arians', 'Donald', 'M', 577821147),(1000251, 1, 'Attleboy', 'Lola', 'F', 567893276),(1000252, 1, 'Paradisey', 'Karen', 'F', 326243335),(1000253, 1, 'Smith', 'Dawn', 'F', 668924354),(1000253, 2, 'Smith', 'Bradely', 'M', 876500286),(1000253, 3, 'Smith', 'Boris', 'M', 348932189),(1000253, 4, 'Smith', 'Carly', 'F', 230263742),(1000253, 5, 'Smith', 'Rex', 'M', 323903004),(1000254, 1, 'Harper', 'Happy', 'F', 330375624),(1000254, 2, 'Harper', 'Matt', 'M', 545789006),(1000254, 3, 'Harper', 'Marta', 'F', 762830087),(1000255, 1, 'Yale', 'Marty', 'F', 448670047),(1000255, 2, 'Yale', 'Joel', 'M', 737850836),(1000255, 3, 'Yale', 'Marta', 'F', 129479646),(1000256, 1, 'Stepple', 'Marcus', 'M', 557893217),(1000257, 1, 'Turner', 'Katy', 'F', 772200068),(1000257, 2, 'Turner', 'Wilson', 'M', 326000047),(1000258, 1, 'Pelson', 'Seema', 'F', 559900476),(1000258, 2, 'Pelson', 'Oren', 'M', 213550348),(1000258, 3, 'Pelson', 'Luther', 'M', 763356756),(1000258, 4, 'Pelson', 'Lynda', 'F', 721600676),(1000259, 1, 'Applegate', 'Thomas', 'M', 375005523),(1000260, 1, 'Allentown', 'Gia', 'F', 735375560),(1000261, 1, 'Redrich', 'Adele', 'F', 897900736),(1000262, 1, 'Shore', 'Maris', 'F', 756030336),(1000262, 2, 'Shore', 'Morris', 'M', 468899038),(1000262, 3, 'Shore', 'Patrick', 'M', 142890004),(1000262, 4, 'Shore', 'Paula', 'F', 372816003),(1000262, 5, 'Shore', 'Brett', 'M', 32898903),(1000263, 1, 'Florence', 'Deena', 'F', 1190341122),(1000263, 2, 'Florence', 'Dino', 'M', 132189503),(1000263, 3, 'Florence', 'Grace', 'F', 132489370),(1000264, 1, 'Fenton', 'Lee', 'F', 443905057),(1000264, 2, 'Fenton', 'Lennie', 'M', 557890768),(1000264, 3, 'Fenton', 'Cynthia', 'F', 676570376),(1000265, 1, 'Pansarelli', 'Sara', 'F', 667678912),(1000266, 1, 'Carrabba', 'Suzie', 'F', 324890439),(1000266, 2, 'Carrabba', 'Squiggy', 'M', 343402160),(1000267, 1, 'Kovaro', 'Wendy', 'F', 548935158),(1000267, 2, 'Kovaro', 'Wilbur', 'M', 787670008),(1000267, 3, 'Kovaro', 'Orville', 'M', 354689000),(1000267, 4, 'Kovaro', 'Dana', 'F', 243536370),(1000268, 1, 'Ulden', 'Dewey', 'M', 578903097),(1000269, 1, 'Renshrow', 'Julia', 'F', 569804376),(1000270, 1, 'Senten', 'Mooney', 'F', 321893265),(1000271, 1, 'Harper', 'Bonnie', 'F', 668800564),(1000271, 2, 'Harper', 'Tiny', 'M', 893890326),(1000271, 3, 'Harper', 'Lucifer', 'M', 347098909),(1000271, 4, 'Harper', 'Jennifer', 'F', 237897042),(1000271, 5, 'Harper', 'Nat', 'M', 389500454),(1000272, 1, 'Shoney', 'Natalie', 'F', 337894024),(1000272, 2, 'Shoneyn', 'Thor', 'M', 545780976),(1000272, 3, 'Shoney', 'Cici', 'F', 762667087),(1000273, 1, 'Jung', 'Wendi', 'F', 447803647),(1000273, 2, 'Jung', 'Jose', 'M', 734800566),(1000273, 3, 'Jung', 'Pena', 'F', 128003546),(1000274, 1, 'Reno', 'Kat', 'M', 556789057),(1000275, 1, 'Vegas', 'Baby', 'F', 778450768),(1000275, 2, 'Vegas', 'Rex', 'M', 390450547),(1000276, 1, 'Jordon', 'Laura', 'F', 578033476),(1000276, 2, 'Jordon', 'Christopher', 'M', 213576248),(1000276, 3, 'Jordon', 'Stu', 'M', 760145056),(1000276, 4, 'Jordon', 'Gina', 'F', 720203376),(1000277, 1, 'Vendry', 'Jonah', 'M', 375709445),(1000278, 1, 'Milan', 'Barry', 'F', 735904554),(1000279, 1, 'Paulson', 'Mary', 'F', 896678036),(1000280, 1, 'Bradley', 'Bob', 'F', 753216736),(1000280, 2, 'Bradley', 'Brianna', 'M', 46565788),(1000280, 3, 'Bradley', 'Brett', 'M', 147878054),(1000280, 4, 'Bradley', 'Connie', 'F', 37800977),(1000280, 5, 'Bradley', 'Curtis', 'M', 327700824);

INSERT INTO CLAIMS
(CLAIM_ID, CLAIM_DATE, CLAIM_SERVICE, SUBSCRIBER_NO, MEMBER_NO, CLAIM_AMT, PROVIDER_NO)
VALUES
(10003, '2019-01-01', 103, 1000003, 1, 2370.00, 22),(10004, '2019-01-02', 104, 1000004, 2, 3550.00, 10),(10005, '2019-01-02', 105, 1000005, 4, 320.00, 21),(10006, '2019-01-02', 106, 1000006, 1, 370.00, 11),(10007, '2019-01-03', 107, 1000007, 1, 1480.00, 40),(10008, '2019-01-03', 108, 1000008, 1, 120.00, 35),(10009, '2019-01-03', 109, 1000009, 5, 1380.00, 46),(10010, '2019-01-06', 110, 1000010, 3, 230.00, 1),(10011, '2019-01-06', 111, 1000011, 3, 120.00, 26),(10012, '2019-01-06', 112, 1000012, 1, 330.00, 38),(10013, '2019-01-07', 113, 1000013, 2, 190.00, 9),(10014, '2019-01-07', 114, 1000014, 3, 290.00, 21),(10015, '2019-01-07', 115, 1000015, 1, 850.00, 9),(10016, '2019-01-08', 116, 1000016, 1, 2050.00, 33),(10017, '2019-01-08', 117, 1000017, 1, 120.00, 30),(10018, '2019-01-08', 118, 1000018, 4, 540.00, 56),(10019, '2019-01-09', 119, 1000019, 2, 470.00, 10),(10020, '2019-01-09', 120, 1000020, 1, 370.00, 30),(10021, '2019-01-09', 121, 1000021, 1, 90.00, 18),(10022, '2019-01-10', 122, 1000022, 2, 290.00, 46),(10023, '2019-01-10', 123, 1000023, 4, 180.00, 33),(10024, '2019-01-10', 124, 1000024, 1, 1360.00, 5),(10025, '2019-01-13', 125, 1000025, 1, 3380.00, 38),(10026, '2019-01-13', 126, 1000026, 1, 250.00, 33),(10027, '2019-01-13', 127, 1000027, 3, 570.00, 32),(10028, '2019-01-14', 128, 1000028, 1, 640.00, 38),(10029, '2019-01-14', 129, 1000029, 3, 3470.00, 30),(10030, '2019-01-14', 130, 1000030, 1, 550.00, 13),(10031, '2019-01-15', 131, 1000031, 1, 370.00, 7),(10032, '2019-01-15', 132, 1000032, 4, 490.00, 20),(10033, '2019-01-15', 133, 1000033, 1, 60.00, 13),(10034, '2019-01-16', 134, 1000034, 4, 1620.00, 30),(10035, '2019-01-16', 135, 1000035, 2, 2440.00, 5),(10036, '2019-01-16', 136, 1000036, 3, 550.00, 56),(10037, '2019-01-17', 137, 1000037, 1, 270.00, 5),(10038, '2019-01-17', 138, 1000038, 1, 1320.00, 49),(10039, '2019-01-17', 139, 1000039, 1, 2380.00, 22),(10040, '2019-01-20', 140, 1000040, 1, 580.00, 9),(10041, '2019-01-20', 141, 1000041, 1, 490.00, 32),(10042, '2019-01-20', 142, 1000042, 1, 130.00, 33),(10043, '2019-01-21', 143, 1000043, 5, 220.00, 42),(10044, '2019-01-21', 144, 1000044, 1, 580.00, 42),(10045, '2019-01-21', 145, 1000045, 1, 2190.00, 10),(10046, '2019-01-22', 146, 1000046, 1, 200.00, 1),(10047, '2019-01-22', 147, 1000047, 1, 1340.00, 1),(10048, '2019-01-22', 148, 1000048, 1, 4370.00, 1),(10049, '2019-01-23', 149, 1000049, 1, 160.00, 1),(10050, '2019-01-23', 150, 1000050, 2, 140.00, 7),(10051, '2019-01-23', 151, 1000051, 2, 470.00, 46),(10052, '2019-01-24', 152, 1000052, 1, 280.00, 7),(10053, '2019-01-24', 153, 1000053, 2, 460.00, 33),(10054, '2019-01-24', 154, 1000054, 1, 60.00, 40),(10055, '2019-01-27', 155, 1000055, 1, 190.00, 30),(10056, '2019-01-27', 156, 1000056, 1, 1320.00, 56),(10057, '2019-01-27', 157, 1000057, 1, 3340.00, 13),(10058, '2019-01-28', 158, 1000058, 1, 1370.00, 38),(10059, '2019-01-28', 159, 1000059, 3, 580.00, 13),(10060, '2019-01-28', 160, 1000060, 1, 2320.00, 9),(10061, '2019-01-29', 161, 1000061, 1, 2360.00, 9),(10062, '2019-01-29', 162, 1000062, 1, 460.00, 21),(10063, '2019-01-29', 163, 1000063, 2, 90.00, 38),(10064, '2019-01-30', 164, 1000064, 1, 200.00, 51),(10065, '2019-01-30', 165, 1000065, 1, 460.00, 21),(10066, '2019-01-30', 166, 1000066, 1, 70.00, 24),(10067, '2019-01-31', 167, 1000067, 5, 60.00, 9),(10068, '2019-01-31', 168, 1000068, 3, 160.00, 20),(10069, '2019-01-31', 169, 1000069, 3, 380.00, 10),(10070, '2019-02-03', 170, 1000070, 1, 250.00, 22),(10071, '2019-02-03', 171, 1000071, 1, 290.00, 14),(10072, '2019-02-03', 172, 1000072, 1, 140.00, 43),(10073, '2019-02-04', 173, 1000073, 1, 980.00, 7),(10074, '2019-02-04', 174, 1000074, 1, 890.00, 30),(10075, '2019-02-04', 175, 1000075, 1, 540.00, 14),(10076, '2019-02-05', 101, 1000076, 5, 360.00, 20),(10077, '2019-02-05', 102, 1000077, 1, 200.00, 22),(10078, '2019-02-05', 103, 1000078, 2, 2370.00, 39),(10079, '2019-02-06', 104, 1000079, 1, 3550.00, 38),(10080, '2019-02-06', 105, 1000080, 1, 320.00, 20),(10081, '2019-02-06', 106, 1000081, 3, 370.00, 9),(10082, '2019-02-07', 107, 1000082, 1, 1480.00, 15),(10083, '2019-02-07', 108, 1000083, 1, 120.00, 9),(10084, '2019-02-07', 109, 1000084, 1, 1380.00, 21),(10085, '2019-02-10', 110, 1000085, 3, 230.00, 30),(10086, '2019-02-10', 111, 1000086, 2, 120.00, 9),(10087, '2019-02-10', 112, 1000087, 2, 330.00, 56),(10088, '2019-02-11', 113, 1000088, 1, 190.00, 40),(10089, '2019-02-11', 114, 1000089, 2, 290.00, 9),(10090, '2019-02-11', 115, 1000090, 3, 850.00, 26),(10091, '2019-02-12', 116, 1000091, 1, 2050.00, 26),(10092, '2019-02-12', 117, 1000092, 1, 120.00, 32),(10093, '2019-02-12', 118, 1000093, 1, 540.00, 13),(10094, '2019-02-13', 119, 1000094, 4, 470.00, 10),(10095, '2019-02-13', 120, 1000095, 3, 370.00, 22),(10096, '2019-02-13', 121, 1000096, 3, 90.00, 13),(10097, '2019-02-14', 122, 1000097, 1, 290.00, 30),(10098, '2019-02-14', 123, 1000098, 2, 180.00, 53),(10099, '2019-02-14', 124, 1000099, 4, 1360.00, 23),(10100, '2019-02-17', 125, 1000100, 1, 3380.00, 9),(10101, '2019-02-17', 126, 1000101, 1, 250.00, 38),(10102, '2019-02-17', 127, 1000102, 1, 570.00, 5),(10103, '2019-02-18', 128, 1000103, 5, 640.00, 40),(10104, '2019-02-18', 129, 1000104, 2, 3470.00, 34),(10105, '2019-02-18', 130, 1000105, 3, 550.00, 43),(10106, '2019-02-19', 131, 1000106, 1, 370.00, 35),(10107, '2019-02-19', 132, 1000107, 1, 490.00, 20),(10108, '2019-02-19', 133, 1000108, 1, 60.00, 56),(10109, '2019-02-20', 134, 1000109, 4, 1620.00, 32),(10110, '2019-02-20', 135, 1000110, 1, 2440.00, 56),(10111, '2019-02-20', 136, 1000111, 1, 550.00, 32),(10112, '2019-02-21', 137, 1000112, 1, 270.00, 18),(10113, '2019-02-21', 138, 1000113, 1, 1320.00, 38),(10114, '2019-02-21', 139, 1000114, 3, 2380.00, 56),(10115, '2019-02-24', 140, 1000115, 1, 580.00, 40),(10116, '2019-02-24', 141, 1000116, 1, 490.00, 30),(10117, '2019-02-24', 142, 1000117, 2, 130.00, 54),(10118, '2019-02-25', 143, 1000118, 4, 220.00, 10),(10119, '2019-02-25', 144, 1000119, 1, 580.00, 33),(10120, '2019-02-25', 145, 1000120, 1, 2190.00, 30),(10121, '2019-02-26', 146, 1000121, 1, 200.00, 5),(10122, '2019-02-26', 147, 1000122, 4, 1340.00, 55),(10123, '2019-02-26', 148, 1000123, 1, 4370.00, 1),(10124, '2019-02-27', 149, 1000124, 1, 160.00, 1),(10125, '2019-02-27', 150, 1000125, 1, 140.00, 1),(10126, '2019-02-27', 151, 1000126, 1, 470.00, 1),(10127, '2019-02-28', 152, 1000127, 1, 280.00, 1),(10128, '2019-02-28', 153, 1000128, 3, 460.00, 9),(10129, '2019-02-28', 154, 1000129, 1, 60.00, 4),(10130, '2019-03-03', 155, 1000130, 1, 190.00, 32),(10131, '2019-03-03', 156, 1000131, 2, 1320.00, 33),(10132, '2019-03-03', 157, 1000132, 2, 3340.00, 21),(10133, '2019-03-04', 158, 1000133, 1, 1370.00, 20),(10134, '2019-03-04', 159, 1000134, 4, 580.00, 40),(10135, '2019-03-04', 160, 1000135, 2, 2320.00, 47),(10136, '2019-03-05', 161, 1000136, 3, 2360.00, 32),(10137, '2019-03-05', 162, 1000137, 1, 460.00, 38),(10138, '2019-03-05', 163, 1000138, 2, 90.00, 49),(10139, '2019-03-06', 164, 1000139, 4, 200.00, 43),(10140, '2019-03-06', 165, 1000140, 1, 460.00, 3),(10141, '2019-03-06', 166, 1000141, 1, 70.00, 46),(10142, '2019-03-07', 167, 1000142, 1, 60.00, 52),(10143, '2019-03-07', 168, 1000143, 4, 160.00, 46),(10144, '2019-03-07', 169, 1000144, 3, 380.00, 5),(10145, '2019-03-10', 170, 1000145, 2, 250.00, 56),(10146, '2019-03-10', 171, 1000146, 1, 290.00, 30),(10147, '2019-03-10', 172, 1000147, 2, 140.00, 30),(10148, '2019-03-11', 173, 1000148, 4, 980.00, 10),(10149, '2019-03-11', 174, 1000149, 1, 890.00, 30),(10150, '2019-03-11', 175, 1000150, 1, 540.00, 38),(10151, '2019-03-12', 101, 1000151, 1, 360.00, 15),(10152, '2019-03-12', 102, 1000152, 3, 200.00, 30),(10153, '2019-03-12', 103, 1000153, 1, 2370.00, 9),(10154, '2019-03-13', 104, 1000154, 2, 3550.00, 51),(10155, '2019-03-13', 105, 1000155, 1, 320.00, 22),(10156, '2019-03-13', 106, 1000156, 1, 370.00, 55),(10157, '2019-03-14', 107, 1000157, 1, 1480.00, 33),(10158, '2019-03-14', 108, 1000158, 1, 120.00, 13),(10159, '2019-03-14', 109, 1000159, 1, 1380.00, 38),(10160, '2019-03-17', 110, 1000160, 1, 230.00, 32),(10161, '2019-03-17', 111, 1000161, 2, 120.00, 38),(10162, '2019-03-17', 112, 1000162, 3, 330.00, 10),(10163, '2019-03-18', 113, 1000163, 1, 190.00, 9),(10164, '2019-03-18', 114, 1000164, 1, 290.00, 21),(10165, '2019-03-18', 115, 1000165, 1, 850.00, 9),(10166, '2019-03-19', 116, 1000166, 3, 2050.00, 13),(10167, '2019-03-19', 117, 1000167, 1, 120.00, 33),(10168, '2019-03-19', 118, 1000168, 1, 540.00, 38),(10169, '2019-03-20', 119, 1000169, 1, 470.00, 38),(10170, '2019-03-20', 120, 1000170, 1, 370.00, 30),(10171, '2019-03-20', 121, 1000171, 1, 90.00, 7),(10172, '2019-03-21', 122, 1000172, 3, 290.00, 46),(10173, '2019-03-21', 123, 1000173, 1, 180.00, 42),(10174, '2019-03-21', 124, 1000174, 2, 1360.00, 20),(10175, '2019-03-24', 125, 1000175, 4, 3380.00, 30),(10176, '2019-03-24', 126, 1000176, 1, 250.00, 32),(10177, '2019-03-24', 127, 1000177, 1, 570.00, 49),(10178, '2019-03-25', 128, 1000178, 1, 640.00, 21),(10179, '2019-03-25', 129, 1000179, 2, 3470.00, 21),(10180, '2019-03-25', 130, 1000180, 3, 550.00, 30),(10181, '2019-03-26', 131, 1000181, 3, 370.00, 49),(10182, '2019-03-26', 132, 1000182, 1, 490.00, 49),(10183, '2019-03-26', 133, 1000183, 1, 60.00, 21),(10184, '2019-03-27', 134, 1000184, 4, 1620.00, 5),(10185, '2019-03-27', 135, 1000185, 1, 2440.00, 32),(10186, '2019-03-27', 136, 1000186, 1, 550.00, 35),(10187, '2019-03-28', 137, 1000187, 1, 270.00, 9),(10188, '2019-03-28', 138, 1000188, 5, 1320.00, 36),(10189, '2019-03-28', 139, 1000189, 3, 2380.00, 24),(10190, '2019-03-31', 140, 1000190, 2, 580.00, 20),(10191, '2019-03-31', 141, 1000191, 1, 490.00, 33),(10192, '2019-03-31', 142, 1000192, 2, 130.00, 52),(10193, '2019-04-01', 143, 1000193, 4, 220.00, 13),(10194, '2019-04-01', 144, 1000194, 1, 580.00, 46),(10195, '2019-04-01', 145, 1000195, 1, 2190.00, 21),(10196, '2019-04-02', 146, 1000196, 1, 200.00, 22),(10197, '2019-04-02', 147, 1000197, 5, 1340.00, 22),(10198, '2019-04-02', 148, 1000198, 2, 4370.00, 33),(10199, '2019-04-03', 149, 1000199, 1, 160.00, 20),(10200, '2019-04-03', 150, 1000200, 1, 140.00, 40),(10201, '2019-04-03', 151, 1000201, 1, 470.00, 43),(10202, '2019-04-04', 152, 1000202, 2, 280.00, 22),(10203, '2019-04-04', 153, 1000203, 1, 460.00, 26),(10204, '2019-04-04', 154, 1000204, 1, 60.00, 24),(10205, '2019-04-07', 155, 1000205, 1, 190.00, 30),(10206, '2019-04-07', 156, 1000206, 3, 1320.00, 21),(10207, '2019-04-07', 157, 1000207, 1, 3340.00, 56),(10208, '2019-04-08', 158, 1000208, 2, 1370.00, 13),(10209, '2019-04-08', 159, 1000209, 1, 580.00, 22),(10210, '2019-04-08', 160, 1000210, 2, 2320.00, 30),(10211, '2019-04-09', 161, 1000211, 3, 2360.00, 20),(10212, '2019-04-09', 162, 1000212, 1, 460.00, 7),(10213, '2019-04-09', 163, 1000213, 1, 90.00, 9),(10214, '2019-04-10', 164, 1000214, 1, 200.00, 49),(10215, '2019-04-10', 165, 1000215, 4, 460.00, 10),(10216, '2019-04-10', 166, 1000216, 2, 70.00, 13),(10217, '2019-04-11', 167, 1000217, 3, 60.00, 9),(10218, '2019-04-11', 168, 1000218, 1, 160.00, 9),(10219, '2019-04-11', 169, 1000219, 2, 380.00, 20),(10220, '2019-04-14', 170, 1000220, 1, 250.00, 1),(10221, '2019-04-14', 171, 1000221, 1, 290.00, 1),(10222, '2019-04-14', 172, 1000222, 1, 140.00, 1),(10223, '2019-04-15', 173, 1000223, 1, 980.00, 1),(10224, '2019-04-15', 174, 1000224, 1, 890.00, 1),(10225, '2019-04-15', 175, 1000225, 1, 540.00, 1),(10226, '2019-04-16', 101, 1000226, 1, 360.00, 1),(10227, '2019-04-16', 102, 1000227, 1, 200.00, 1),(10228, '2019-04-16', 103, 1000228, 1, 2370.00, 1),(10229, '2019-04-17', 104, 1000229, 1, 3550.00, 1),(10230, '2019-04-17', 105, 1000230, 1, 320.00, 23),(10231, '2019-04-17', 106, 1000231, 1, 370.00, 26),(10232, '2019-04-18', 107, 1000232, 1, 1480.00, 38),(10233, '2019-04-18', 108, 1000233, 1, 120.00, 32),(10234, '2019-04-18', 109, 1000234, 4, 1380.00, 43),(10235, '2019-04-21', 110, 1000235, 1, 230.00, 20),(10236, '2019-04-21', 111, 1000236, 2, 120.00, 32),(10237, '2019-04-21', 112, 1000237, 1, 330.00, 9),(10238, '2019-04-22', 113, 1000238, 1, 190.00, 56),(10239, '2019-04-22', 114, 1000239, 1, 290.00, 5),(10240, '2019-04-22', 115, 1000240, 1, 850.00, 33),(10241, '2019-04-23', 116, 1000241, 1, 2050.00, 9),(10242, '2019-04-23', 117, 1000242, 1, 120.00, 32),(10243, '2019-04-23', 118, 1000243, 2, 540.00, 30),(10244, '2019-04-24', 119, 1000244, 1, 470.00, 52),(10245, '2019-04-24', 120, 1000245, 2, 370.00, 47),(10246, '2019-04-24', 121, 1000246, 1, 90.00, 53),(10247, '2019-04-25', 122, 1000247, 1, 290.00, 22),(10248, '2019-04-25', 123, 1000248, 1, 180.00, 51),(10249, '2019-04-25', 124, 1000249, 1, 1360.00, 1),(10250, '2019-04-28', 125, 1000250, 1, 3380.00, 7),(10251, '2019-04-28', 126, 1000251, 1, 250.00, 9),(10252, '2019-04-28', 127, 1000252, 1, 570.00, 15),(10253, '2019-04-29', 128, 1000253, 1, 640.00, 21),(10254, '2019-04-29', 129, 1000254, 2, 3470.00, 1),(10255, '2019-04-29', 130, 1000255, 1, 550.00, 30),(10256, '2019-04-30', 131, 1000256, 1, 370.00, 32),(10257, '2019-04-30', 132, 1000257, 2, 490.00, 46),(10258, '2019-04-30', 133, 1000258, 2, 60.00, 20),(10259, '2019-05-01', 134, 1000259, 1, 1620.00, 15),(10260, '2019-05-01', 135, 1000260, 1, 2440.00, 22),(10261, '2019-05-01', 136, 1000261, 1, 550.00, 10),(10262, '2019-05-02', 137, 1000262, 5, 270.00, 13),(10263, '2019-05-02', 138, 1000263, 3, 1320.00, 33),(10264, '2019-05-02', 139, 1000264, 3, 2380.00, 33),(10265, '2019-05-05', 140, 1000265, 1, 580.00, 33),(10266, '2019-05-05', 141, 1000266, 1, 490.00, 33),(10267, '2019-05-05', 142, 1000267, 3, 130.00, 33),(10268, '2019-05-06', 143, 1000268, 1, 220.00, 33),(10269, '2019-05-06', 144, 1000269, 1, 580.00, 33),(10270, '2019-05-06', 145, 1000270, 1, 2190.00, 33),(10271, '2019-05-07', 146, 1000271, 2, 200.00, 33),(10272, '2019-05-07', 147, 1000272, 2, 1340.00, 33),(10273, '2019-05-07', 148, 1000273, 3, 4370.00, 33),(10274, '2019-05-08', 149, 1000274, 1, 160.00, 33),(10275, '2019-05-08', 150, 1000275, 1, 140.00, 33),(10276, '2019-05-08', 151, 1000276, 2, 470.00, 33),(10277, '2019-05-09', 152, 1000277, 1, 280.00, 33),(10278, '2019-05-09', 153, 1000278, 1, 460.00, 33),(10279, '2019-05-09', 154, 1000279, 1, 60.00, 33),(10280, '2019-05-12', 155, 1000280, 5, 190.00, 33),(10281, '2019-05-12', 156, 1000001, 3, 1320.00, 38),(10282, '2019-05-12', 157, 1000002, 3, 3340.00, 33),(10283, '2019-05-13', 158, 1000003, 1, 1370.00, 22),(10284, '2019-05-13', 159, 1000004, 1, 580.00, 10),(10285, '2019-05-13', 160, 1000005, 3, 2320.00, 21),(10286, '2019-05-14', 161, 1000006, 1, 2360.00, 11),(10287, '2019-05-14', 162, 1000007, 1, 460.00, 40),(10288, '2019-05-14', 163, 1000008, 1, 90.00, 35),(10289, '2019-05-15', 164, 1000009, 3, 200.00, 46),(10290, '2019-05-15', 165, 1000010, 1, 460.00, 1),(10291, '2019-05-15', 166, 1000011, 2, 70.00, 26),(10292, '2019-05-16', 167, 1000012, 1, 60.00, 38),(10293, '2019-05-16', 168, 1000013, 2, 160.00, 9),(10294, '2019-05-16', 169, 1000014, 3, 380.00, 21),(10295, '2019-05-19', 170, 1000015, 1, 250.00, 9),(10296, '2019-05-19', 171, 1000016, 1, 290.00, 33),(10297, '2019-05-19', 172, 1000017, 1, 140.00, 30),(10298, '2019-05-20', 173, 1000018, 2, 980.00, 56),(10299, '2019-05-20', 174, 1000019, 3, 890.00, 10),(10300, '2019-05-20', 175, 1000020, 3, 540.00, 30),(10301, '2019-05-21', 101, 1000021, 1, 360.00, 18),(10302, '2019-05-21', 102, 1000022, 1, 200.00, 46),(10303, '2019-05-21', 103, 1000023, 3, 2370.00, 33),(10304, '2019-05-22', 104, 1000024, 1, 3550.00, 5),(10305, '2019-05-22', 105, 1000025, 1, 320.00, 38),(10306, '2019-05-22', 106, 1000026, 1, 370.00, 33),(10307, '2019-05-23', 107, 1000027, 1, 1480.00, 32),(10308, '2019-05-23', 108, 1000028, 1, 120.00, 38),(10309, '2019-05-23', 109, 1000029, 3, 1380.00, 30),(10310, '2019-05-26', 110, 1000030, 1, 230.00, 13),(10311, '2019-05-26', 111, 1000031, 2, 120.00, 7),(10312, '2019-05-26', 112, 1000032, 2, 330.00, 20),(10313, '2019-05-27', 113, 1000033, 1, 190.00, 13),(10314, '2019-05-27', 114, 1000034, 5, 290.00, 30),(10315, '2019-05-27', 115, 1000035, 2, 850.00, 5),(10316, '2019-05-28', 116, 1000036, 3, 2050.00, 56),(10317, '2019-05-28', 117, 1000037, 1, 120.00, 5),(10318, '2019-05-28', 118, 1000038, 1, 540.00, 49),(10319, '2019-05-29', 119, 1000039, 2, 470.00, 22),(10320, '2019-05-29', 120, 1000040, 1, 370.00, 9),(10321, '2019-05-29', 121, 1000041, 1, 90.00, 32),(10322, '2019-05-30', 122, 1000042, 1, 290.00, 33),(10323, '2019-05-30', 123, 1000043, 4, 180.00, 42),(10324, '2019-05-30', 124, 1000044, 1, 1360.00, 42),(10325, '2019-06-02', 125, 1000045, 1, 3380.00, 10),(10326, '2019-06-02', 126, 1000046, 1, 250.00, 1),(10327, '2019-06-02', 127, 1000047, 1, 570.00, 1),(10328, '2019-06-03', 128, 1000048, 1, 640.00, 1),(10329, '2019-06-03', 129, 1000049, 1, 3470.00, 1),(10330, '2019-06-03', 130, 1000050, 2, 550.00, 7),(10331, '2019-06-04', 131, 1000051, 3, 370.00, 46),(10332, '2019-06-04', 132, 1000052, 1, 490.00, 7),(10333, '2019-06-04', 133, 1000053, 1, 60.00, 33),(10334, '2019-06-05', 134, 1000054, 1, 1620.00, 40),(10335, '2019-06-05', 135, 1000055, 1, 2440.00, 30),(10336, '2019-06-05', 136, 1000056, 1, 550.00, 56),(10337, '2019-06-06', 137, 1000057, 1, 270.00, 13),(10338, '2019-06-06', 138, 1000058, 1, 1320.00, 38),(10339, '2019-06-06', 139, 1000059, 3, 2380.00, 13),(10340, '2019-06-09', 140, 1000060, 3, 580.00, 9),(10341, '2019-06-09', 141, 1000061, 1, 490.00, 9),(10342, '2019-06-09', 142, 1000062, 2, 130.00, 21),(10343, '2019-06-10', 143, 1000063, 2, 220.00, 38),(10344, '2019-06-10', 144, 1000064, 1, 580.00, 51),(10345, '2019-06-10', 145, 1000065, 1, 2190.00, 21),(10346, '2019-06-11', 146, 1000066, 1, 200.00, 24),(10347, '2019-06-11', 147, 1000067, 3, 1340.00, 9),(10348, '2019-06-11', 148, 1000068, 1, 4370.00, 20),(10349, '2019-06-12', 149, 1000069, 1, 160.00, 10),(10350, '2019-06-12', 150, 1000070, 1, 140.00, 22),(10351, '2019-06-12', 151, 1000071, 1, 470.00, 14),(10352, '2019-06-13', 152, 1000072, 3, 280.00, 43),(10353, '2019-06-13', 153, 1000073, 1, 460.00, 7),(10354, '2019-06-13', 154, 1000074, 1, 60.00, 30),(10355, '2019-06-16', 155, 1000075, 1, 190.00, 14),(10356, '2019-06-16', 156, 1000076, 3, 1320.00, 20),(10357, '2019-06-16', 157, 1000077, 3, 3340.00, 22),(10358, '2019-06-17', 158, 1000078, 3, 1370.00, 39),(10359, '2019-06-17', 159, 1000079, 1, 580.00, 38),(10360, '2019-06-17', 160, 1000080, 1, 2320.00, 20),(10361, '2019-06-18', 161, 1000081, 1, 2360.00, 9),(10362, '2019-06-18', 162, 1000082, 1, 460.00, 15),(10363, '2019-06-18', 163, 1000083, 1, 90.00, 9),(10364, '2019-06-19', 164, 1000084, 1, 200.00, 21),(10365, '2019-06-19', 165, 1000085, 4, 460.00, 30),(10366, '2019-06-19', 166, 1000086, 1, 70.00, 9),(10367, '2019-06-20', 167, 1000087, 2, 60.00, 56),(10368, '2019-06-20', 168, 1000088, 1, 160.00, 40),(10369, '2019-06-20', 169, 1000089, 1, 380.00, 9),(10370, '2019-06-23', 170, 1000090, 1, 250.00, 26),(10371, '2019-06-23', 171, 1000091, 1, 290.00, 26),(10372, '2019-06-23', 172, 1000092, 1, 140.00, 32),(10373, '2019-06-24', 173, 1000093, 1, 980.00, 13),(10374, '2019-06-24', 174, 1000094, 2, 890.00, 10),(10375, '2019-06-24', 175, 1000095, 1, 540.00, 22),(10376, '2019-06-25', 101, 1000096, 3, 360.00, 13),(10377, '2019-06-25', 102, 1000097, 1, 200.00, 30),(10378, '2019-06-25', 103, 1000098, 2, 2370.00, 53),(10379, '2019-06-26', 104, 1000099, 4, 3550.00, 23),(10380, '2019-06-26', 105, 1000100, 1, 320.00, 9),(10381, '2019-06-26', 106, 1000101, 1, 370.00, 38),(10382, '2019-06-27', 107, 1000102, 1, 1480.00, 5),(10383, '2019-06-27', 108, 1000103, 1, 120.00, 40),(10384, '2019-06-27', 109, 1000104, 2, 1380.00, 34),(10385, '2019-06-30', 110, 1000105, 3, 230.00, 43),(10386, '2019-06-30', 111, 1000106, 1, 120.00, 35),(10387, '2019-06-30', 112, 1000107, 1, 330.00, 20),(10388, '2019-07-01', 113, 1000108, 1, 190.00, 56),(10389, '2019-07-01', 114, 1000109, 2, 290.00, 32),(10390, '2019-07-01', 115, 1000110, 1, 850.00, 56),(10391, '2019-07-02', 116, 1000111, 1, 2050.00, 32),(10392, '2019-07-02', 117, 1000112, 1, 120.00, 18),(10393, '2019-07-02', 118, 1000113, 5, 540.00, 38),(10394, '2019-07-03', 119, 1000114, 1, 470.00, 56),(10395, '2019-07-03', 120, 1000115, 1, 370.00, 40),(10396, '2019-07-03', 121, 1000116, 1, 90.00, 30),(10397, '2019-07-04', 122, 1000117, 1, 290.00, 54),(10398, '2019-07-04', 123, 1000118, 2, 180.00, 10),(10399, '2019-07-04', 124, 1000119, 1, 1360.00, 33),(10400, '2019-07-07', 125, 1000120, 1, 3380.00, 30),(10401, '2019-07-07', 126, 1000121, 1, 250.00, 5),(10402, '2019-07-07', 127, 1000122, 2, 570.00, 55),(10403, '2019-07-08', 128, 1000123, 1, 640.00, 1),(10404, '2019-07-08', 129, 1000124, 1, 3470.00, 1),(10405, '2019-07-08', 130, 1000125, 1, 550.00, 1),(10406, '2019-07-09', 131, 1000126, 1, 370.00, 1),(10407, '2019-07-09', 132, 1000127, 1, 490.00, 1),(10408, '2019-07-09', 133, 1000128, 2, 60.00, 9),(10409, '2019-07-10', 134, 1000129, 3, 1620.00, 4),(10410, '2019-07-10', 135, 1000130, 1, 2440.00, 32),(10411, '2019-07-10', 136, 1000131, 2, 550.00, 33),(10412, '2019-07-11', 137, 1000132, 4, 270.00, 21),(10413, '2019-07-11', 138, 1000133, 1, 1320.00, 20),(10414, '2019-07-11', 139, 1000134, 5, 2380.00, 40),(10415, '2019-07-14', 140, 1000135, 1, 580.00, 47),(10416, '2019-07-14', 141, 1000136, 3, 490.00, 32),(10417, '2019-07-14', 142, 1000137, 1, 130.00, 38),(10418, '2019-07-15', 143, 1000138, 2, 220.00, 49),(10419, '2019-07-15', 144, 1000139, 4, 580.00, 43),(10420, '2019-07-15', 145, 1000140, 1, 2190.00, 3),(10421, '2019-07-16', 146, 1000141, 1, 200.00, 46),(10422, '2019-07-16', 147, 1000142, 1, 1340.00, 52),(10423, '2019-07-16', 148, 1000143, 5, 4370.00, 46),(10424, '2019-07-17', 149, 1000144, 2, 160.00, 5),(10425, '2019-07-17', 150, 1000145, 1, 140.00, 56),(10426, '2019-07-17', 151, 1000146, 1, 470.00, 30),(10427, '2019-07-18', 152, 1000147, 1, 280.00, 30),(10428, '2019-07-18', 153, 1000148, 2, 460.00, 10),(10429, '2019-07-18', 154, 1000149, 1, 60.00, 30),(10430, '2019-07-21', 155, 1000150, 1, 190.00, 38),(10431, '2019-07-21', 156, 1000151, 1, 1320.00, 15),(10432, '2019-07-21', 157, 1000152, 2, 3340.00, 30),(10433, '2019-07-22', 158, 1000153, 1, 1370.00, 9),(10434, '2019-07-22', 159, 1000154, 2, 580.00, 51),(10435, '2019-07-22', 160, 1000155, 1, 2320.00, 22),(10436, '2019-07-23', 161, 1000156, 2, 2360.00, 55),(10437, '2019-07-23', 162, 1000157, 4, 460.00, 33),(10438, '2019-07-23', 163, 1000158, 1, 90.00, 13),(10439, '2019-07-24', 164, 1000159, 1, 200.00, 38),(10440, '2019-07-24', 165, 1000160, 1, 460.00, 32),(10441, '2019-07-24', 166, 1000161, 2, 70.00, 38),(10442, '2019-07-25', 167, 1000162, 2, 60.00, 10),(10443, '2019-07-25', 168, 1000163, 2, 160.00, 9),(10444, '2019-07-25', 169, 1000164, 1, 380.00, 21),(10445, '2019-07-28', 170, 1000165, 1, 250.00, 9),(10446, '2019-07-28', 171, 1000166, 2, 290.00, 13),(10447, '2019-07-28', 172, 1000167, 1, 140.00, 33),(10448, '2019-07-29', 173, 1000168, 1, 980.00, 38),(10449, '2019-07-29', 174, 1000169, 1, 890.00, 38),(10450, '2019-07-29', 175, 1000170, 3, 540.00, 30),(10451, '2019-07-30', 101, 1000171, 2, 360.00, 7),(10452, '2019-07-30', 102, 1000172, 3, 200.00, 46),(10453, '2019-07-30', 103, 1000173, 1, 2370.00, 42),(10454, '2019-07-31', 104, 1000174, 1, 3550.00, 20),(10455, '2019-07-31', 105, 1000175, 2, 320.00, 30),(10456, '2019-07-31', 106, 1000176, 1, 370.00, 32),(10457, '2019-08-01', 107, 1000177, 1, 1480.00, 49),(10458, '2019-08-01', 108, 1000178, 1, 120.00, 21),(10459, '2019-08-01', 109, 1000179, 4, 1380.00, 21),(10460, '2019-08-04', 110, 1000180, 3, 230.00, 30),(10461, '2019-08-04', 111, 1000181, 2, 120.00, 49),(10462, '2019-08-04', 112, 1000182, 1, 330.00, 49),(10463, '2019-08-05', 113, 1000183, 1, 190.00, 21),(10464, '2019-08-05', 114, 1000184, 1, 290.00, 5),(10465, '2019-08-05', 115, 1000185, 1, 850.00, 32),(10466, '2019-08-06', 116, 1000186, 1, 2050.00, 35),(10467, '2019-08-06', 117, 1000187, 1, 120.00, 9),(10468, '2019-08-06', 118, 1000188, 1, 540.00, 36),(10469, '2019-08-07', 119, 1000189, 3, 470.00, 24),(10470, '2019-08-07', 120, 1000190, 3, 370.00, 20),(10471, '2019-08-07', 121, 1000191, 1, 90.00, 33),(10472, '2019-08-08', 122, 1000192, 1, 290.00, 52),(10473, '2019-08-08', 123, 1000193, 2, 180.00, 13),(10474, '2019-08-08', 124, 1000194, 1, 1360.00, 46),(10475, '2019-08-11', 125, 1000195, 1, 3380.00, 21),(10476, '2019-08-11', 126, 1000196, 1, 250.00, 22),(10477, '2019-08-11', 127, 1000197, 3, 570.00, 22),(10478, '2019-08-12', 128, 1000198, 2, 640.00, 33),(10479, '2019-08-12', 129, 1000199, 1, 3470.00, 20),(10480, '2019-08-12', 130, 1000200, 1, 550.00, 40),(10481, '2019-08-13', 131, 1000201, 2, 370.00, 43),(10482, '2019-08-13', 132, 1000202, 2, 490.00, 22),(10483, '2019-08-13', 133, 1000203, 1, 60.00, 26),(10484, '2019-08-14', 134, 1000204, 1, 1620.00, 24),(10485, '2019-08-14', 135, 1000205, 1, 2440.00, 30),(10486, '2019-08-14', 136, 1000206, 4, 550.00, 21),(10487, '2019-08-15', 137, 1000207, 1, 270.00, 56),(10488, '2019-08-15', 138, 1000208, 1, 1320.00, 13),(10489, '2019-08-15', 139, 1000209, 1, 2380.00, 22),(10490, '2019-08-18', 140, 1000210, 1, 580.00, 30),(10491, '2019-08-18', 141, 1000211, 3, 490.00, 20),(10492, '2019-08-18', 142, 1000212, 1, 130.00, 7),(10493, '2019-08-19', 143, 1000213, 1, 220.00, 9),(10494, '2019-08-19', 144, 1000214, 1, 580.00, 49),(10495, '2019-08-19', 145, 1000215, 2, 2190.00, 10),(10496, '2019-08-20', 146, 1000216, 1, 200.00, 13),(10497, '2019-08-20', 147, 1000217, 1, 1340.00, 9),(10498, '2019-08-20', 148, 1000218, 1, 4370.00, 9),(10499, '2019-08-21', 149, 1000219, 2, 160.00, 20),(10500, '2019-08-21', 150, 1000220, 1, 140.00, 1),(10501, '2019-08-21', 151, 1000221, 1, 470.00, 1),(10502, '2019-08-22', 152, 1000222, 1, 280.00, 1),(10503, '2019-08-22', 153, 1000223, 1, 460.00, 1),(10504, '2019-08-22', 154, 1000224, 1, 60.00, 1),(10505, '2019-08-25', 155, 1000225, 1, 190.00, 1),(10506, '2019-08-25', 156, 1000226, 1, 1320.00, 1),(10507, '2019-08-25', 157, 1000227, 1, 3340.00, 1),(10508, '2019-08-26', 158, 1000228, 1, 1370.00, 1),(10509, '2019-08-26', 159, 1000229, 1, 580.00, 1),(10510, '2019-08-26', 160, 1000230, 4, 2320.00, 23),(10511, '2019-08-27', 161, 1000231, 1, 2360.00, 26),(10512, '2019-08-27', 162, 1000232, 1, 460.00, 38),(10513, '2019-08-27', 163, 1000233, 1, 90.00, 32),(10514, '2019-08-28', 164, 1000234, 5, 200.00, 43),(10515, '2019-08-28', 165, 1000235, 1, 460.00, 20),(10516, '2019-08-28', 166, 1000236, 2, 70.00, 32),(10517, '2019-08-29', 167, 1000237, 1, 60.00, 9),(10518, '2019-08-29', 168, 1000238, 2, 160.00, 56),(10519, '2019-08-29', 169, 1000239, 2, 380.00, 5),(10520, '2019-09-01', 170, 1000240, 1, 250.00, 33),(10521, '2019-09-01', 171, 1000241, 1, 290.00, 9),(10522, '2019-09-01', 172, 1000242, 1, 140.00, 32),(10523, '2019-09-02', 173, 1000243, 5, 980.00, 30),(10524, '2019-09-02', 174, 1000244, 3, 890.00, 52),(10525, '2019-09-02', 175, 1000245, 1, 540.00, 47),(10526, '2019-09-03', 101, 1000246, 1, 360.00, 53),(10527, '2019-09-03', 102, 1000247, 2, 200.00, 22),(10528, '2019-09-03', 103, 1000248, 1, 2370.00, 51),(10529, '2019-09-04', 104, 1000249, 1, 3550.00, 1),(10530, '2019-09-04', 105, 1000250, 1, 320.00, 7),(10531, '2019-09-04', 106, 1000251, 1, 370.00, 9),(10532, '2019-09-05', 107, 1000252, 1, 1480.00, 15),(10533, '2019-09-05', 108, 1000253, 5, 120.00, 21),(10534, '2019-09-05', 109, 1000254, 1, 1380.00, 1),(10535, '2019-09-08', 110, 1000255, 1, 230.00, 30),(10536, '2019-09-08', 111, 1000256, 1, 120.00, 32),(10537, '2019-09-08', 112, 1000257, 1, 330.00, 46),(10538, '2019-09-09', 113, 1000258, 3, 190.00, 20),(10539, '2019-09-09', 114, 1000259, 1, 290.00, 15),(10540, '2019-09-09', 115, 1000260, 1, 850.00, 22),(10541, '2019-09-10', 116, 1000261, 1, 2050.00, 10),(10542, '2019-09-10', 117, 1000262, 1, 120.00, 13),(10543, '2019-09-10', 118, 1000263, 3, 540.00, 33),(10544, '2019-09-11', 119, 1000264, 3, 470.00, 33),(10545, '2019-09-11', 120, 1000265, 1, 370.00, 33),(10546, '2019-09-11', 121, 1000266, 1, 90.00, 33),(10547, '2019-09-12', 122, 1000267, 2, 290.00, 33),(10548, '2019-09-12', 123, 1000268, 1, 180.00, 33),(10549, '2019-09-12', 124, 1000269, 1, 1360.00, 33),(10550, '2019-09-15', 125, 1000270, 1, 3380.00, 33),(10551, '2019-09-15', 126, 1000271, 4, 250.00, 33),(10552, '2019-09-15', 127, 1000272, 2, 570.00, 33),(10553, '2019-09-16', 128, 1000273, 2, 640.00, 33),(10554, '2019-09-16', 129, 1000274, 1, 3470.00, 33),(10555, '2019-09-16', 130, 1000275, 2, 550.00, 33),(10556, '2019-09-17', 131, 1000276, 2, 370.00, 33),(10557, '2019-09-17', 132, 1000277, 1, 490.00, 33),(10558, '2019-09-17', 133, 1000278, 1, 60.00, 33),(10559, '2019-09-18', 134, 1000279, 1, 1620.00, 33),(10560, '2019-09-18', 135, 1000280, 2, 2440.00, 33),(10561, '2019-09-18', 136, 1000001, 1, 550.00, 38),(10562, '2019-09-19', 137, 1000002, 1, 270.00, 33),(10563, '2019-09-19', 138, 1000003, 1, 1320.00, 22),(10564, '2019-09-19', 139, 1000004, 2, 2380.00, 10),(10565, '2019-09-22', 140, 1000005, 1, 580.00, 21),(10566, '2019-09-22', 141, 1000006, 1, 490.00, 11),(10567, '2019-09-22', 142, 1000007, 1, 130.00, 40),(10568, '2019-09-23', 143, 1000008, 1, 220.00, 35),(10569, '2019-09-23', 144, 1000009, 4, 580.00, 46),(10570, '2019-09-23', 145, 1000010, 2, 2190.00, 1),(10571, '2019-09-24', 146, 1000011, 3, 200.00, 26),(10572, '2019-09-24', 147, 1000012, 1, 1340.00, 38),(10573, '2019-09-24', 148, 1000013, 1, 4370.00, 9),(10574, '2019-09-25', 149, 1000014, 4, 160.00, 21),(10575, '2019-09-25', 150, 1000015, 1, 140.00, 9),(10576, '2019-09-25', 151, 1000016, 1, 470.00, 33),(10577, '2019-09-26', 152, 1000017, 1, 280.00, 30),(10578, '2019-09-26', 153, 1000018, 5, 460.00, 56),(10579, '2019-09-26', 154, 1000019, 3, 60.00, 10),(10580, '2019-09-29', 155, 1000020, 3, 190.00, 30),(10581, '2019-09-29', 156, 1000021, 1, 1320.00, 18),(10582, '2019-09-29', 157, 1000022, 1, 3340.00, 46),(10583, '2019-09-30', 158, 1000023, 3, 1370.00, 33),(10584, '2019-09-30', 159, 1000024, 1, 580.00, 5),(10585, '2019-09-30', 160, 1000025, 1, 2320.00, 38),(10586, '2019-10-01', 161, 1000026, 1, 2360.00, 33),(10587, '2019-10-01', 162, 1000027, 5, 460.00, 32),(10588, '2019-10-01', 163, 1000028, 1, 90.00, 38),(10589, '2019-10-02', 164, 1000029, 2, 200.00, 30),(10590, '2019-10-02', 165, 1000030, 1, 460.00, 13),(10591, '2019-10-02', 166, 1000031, 2, 70.00, 7),(10592, '2019-10-03', 167, 1000032, 1, 60.00, 20),(10593, '2019-10-03', 168, 1000033, 1, 160.00, 13),(10594, '2019-10-03', 169, 1000034, 2, 380.00, 30),(10595, '2019-10-06', 170, 1000035, 1, 250.00, 5),(10596, '2019-10-06', 171, 1000036, 3, 290.00, 56),(10597, '2019-10-06', 172, 1000037, 1, 140.00, 5),(10598, '2019-10-07', 173, 1000038, 2, 980.00, 49),(10599, '2019-10-07', 174, 1000039, 4, 890.00, 22),(10600, '2019-10-07', 175, 1000040, 1, 540.00, 9),(10601, '2019-10-08', 101, 1000041, 1, 360.00, 32),(10602, '2019-10-08', 102, 1000042, 1, 200.00, 33),(10603, '2019-10-08', 103, 1000043, 3, 2370.00, 42),(10604, '2019-10-09', 104, 1000044, 1, 3550.00, 42),(10605, '2019-10-09', 105, 1000045, 1, 320.00, 10),(10606, '2019-10-09', 106, 1000046, 1, 370.00, 1),(10607, '2019-10-10', 107, 1000047, 1, 1480.00, 1),(10608, '2019-10-10', 108, 1000048, 1, 120.00, 1),(10609, '2019-10-10', 109, 1000049, 1, 1380.00, 1),(10610, '2019-10-13', 110, 1000050, 1, 230.00, 7),(10611, '2019-10-13', 111, 1000051, 3, 120.00, 46),(10612, '2019-10-13', 112, 1000052, 1, 330.00, 7),(10613, '2019-10-14', 113, 1000053, 1, 190.00, 33),(10614, '2019-10-14', 114, 1000054, 1, 290.00, 40),(10615, '2019-10-14', 115, 1000055, 1, 850.00, 30),(10616, '2019-10-15', 116, 1000056, 1, 2050.00, 56),(10617, '2019-10-15', 117, 1000057, 1, 120.00, 13),(10618, '2019-10-15', 118, 1000058, 5, 540.00, 38),(10619, '2019-10-16', 119, 1000059, 2, 470.00, 13),(10620, '2019-10-16', 120, 1000060, 2, 370.00, 9),(10621, '2019-10-16', 121, 1000061, 1, 90.00, 9),(10622, '2019-10-17', 122, 1000062, 2, 290.00, 21),(10623, '2019-10-17', 123, 1000063, 3, 180.00, 38),(10624, '2019-10-17', 124, 1000064, 1, 1360.00, 51),(10625, '2019-10-20', 125, 1000065, 1, 3380.00, 21),(10626, '2019-10-20', 126, 1000066, 1, 250.00, 24),(10627, '2019-10-20', 127, 1000067, 3, 570.00, 9),(10628, '2019-10-21', 128, 1000068, 1, 640.00, 20),(10629, '2019-10-21', 129, 1000069, 3, 3470.00, 10),(10630, '2019-10-21', 130, 1000070, 1, 550.00, 22),(10631, '2019-10-22', 131, 1000071, 1, 370.00, 14),(10632, '2019-10-22', 132, 1000072, 1, 490.00, 43),(10633, '2019-10-22', 133, 1000073, 1, 60.00, 7),(10634, '2019-10-23', 134, 1000074, 1, 1620.00, 30),(10635, '2019-10-23', 135, 1000075, 1, 2440.00, 14),(10636, '2019-10-23', 136, 1000076, 4, 550.00, 20),(10637, '2019-10-24', 137, 1000077, 3, 270.00, 22),(10638, '2019-10-24', 138, 1000078, 3, 1320.00, 39),(10639, '2019-10-24', 139, 1000079, 1, 2380.00, 38),(10640, '2019-10-27', 140, 1000080, 1, 580.00, 20),(10641, '2019-10-27', 141, 1000081, 1, 490.00, 9),(10642, '2019-10-27', 142, 1000082, 1, 130.00, 15),(10643, '2019-10-28', 143, 1000083, 1, 220.00, 9),(10644, '2019-10-28', 144, 1000084, 1, 580.00, 21),(10645, '2019-10-28', 145, 1000085, 4, 2190.00, 30),(10646, '2019-10-29', 146, 1000086, 3, 200.00, 9),(10647, '2019-10-29', 147, 1000087, 2, 1340.00, 56),(10648, '2019-10-29', 148, 1000088, 1, 4370.00, 40),(10649, '2019-10-30', 149, 1000089, 1, 160.00, 9),(10650, '2019-10-30', 150, 1000090, 3, 140.00, 26),(10651, '2019-10-30', 151, 1000091, 1, 470.00, 26),(10652, '2019-10-31', 152, 1000092, 1, 280.00, 32),(10653, '2019-10-31', 153, 1000093, 1, 460.00, 13),(10654, '2019-10-31', 154, 1000094, 4, 60.00, 10),(10655, '2019-11-03', 155, 1000095, 2, 190.00, 22),(10656, '2019-11-03', 156, 1000096, 1, 1320.00, 13),(10657, '2019-11-03', 157, 1000097, 1, 3340.00, 30),(10658, '2019-11-04', 158, 1000098, 1, 1370.00, 53),(10659, '2019-11-04', 159, 1000099, 1, 580.00, 23),(10660, '2019-11-04', 160, 1000100, 1, 2320.00, 9),(10661, '2019-11-05', 161, 1000101, 1, 2360.00, 38),(10662, '2019-11-05', 162, 1000102, 1, 460.00, 5),(10663, '2019-11-05', 163, 1000103, 2, 90.00, 40),(10664, '2019-11-06', 164, 1000104, 3, 200.00, 34),(10665, '2019-11-06', 165, 1000105, 2, 460.00, 43),(10666, '2019-11-06', 166, 1000106, 1, 70.00, 35),(10667, '2019-11-07', 167, 1000107, 1, 60.00, 20),(10668, '2019-11-07', 168, 1000108, 1, 160.00, 56),(10669, '2019-11-07', 169, 1000109, 3, 380.00, 32),(10670, '2019-11-10', 170, 1000110, 1, 250.00, 56),(10671, '2019-11-10', 171, 1000111, 1, 290.00, 32),(10672, '2019-11-10', 172, 1000112, 1, 140.00, 18),(10673, '2019-11-11', 173, 1000113, 1, 980.00, 38),(10674, '2019-11-11', 174, 1000114, 2, 890.00, 56),(10675, '2019-11-11', 175, 1000115, 2, 540.00, 40),(10676, '2019-11-12', 101, 1000116, 1, 360.00, 30),(10677, '2019-11-12', 102, 1000117, 1, 200.00, 54),(10678, '2019-11-12', 103, 1000118, 4, 2370.00, 10),(10679, '2019-11-13', 104, 1000119, 1, 3550.00, 33),(10680, '2019-11-13', 105, 1000120, 1, 320.00, 30),(10681, '2019-11-13', 106, 1000121, 1, 370.00, 5),(10682, '2019-11-14', 107, 1000122, 2, 1480.00, 55),(10683, '2019-11-14', 108, 1000123, 1, 120.00, 1),(10684, '2019-11-14', 109, 1000124, 1, 1380.00, 1),(10685, '2019-11-17', 110, 1000125, 1, 230.00, 1),(10686, '2019-11-17', 111, 1000126, 1, 120.00, 1),(10687, '2019-11-17', 112, 1000127, 1, 330.00, 1),(10688, '2019-11-18', 113, 1000128, 3, 190.00, 9),(10689, '2019-11-18', 114, 1000129, 1, 290.00, 4),(10690, '2019-11-18', 115, 1000130, 1, 850.00, 32),(10691, '2019-11-19', 116, 1000131, 2, 2050.00, 33),(10692, '2019-11-19', 117, 1000132, 4, 120.00, 21),(10693, '2019-11-19', 118, 1000133, 1, 540.00, 20),(10694, '2019-11-20', 119, 1000134, 4, 470.00, 40),(10695, '2019-11-20', 120, 1000135, 3, 370.00, 47),(10696, '2019-11-20', 121, 1000136, 1, 90.00, 32),(10697, '2019-11-21', 122, 1000137, 1, 290.00, 38),(10698, '2019-11-21', 123, 1000138, 1, 180.00, 49),(10699, '2019-11-21', 124, 1000139, 1, 1360.00, 43),(10700, '2019-11-24', 125, 1000140, 1, 3380.00, 3),(10701, '2019-11-24', 126, 1000141, 1, 250.00, 46),(10702, '2019-11-24', 127, 1000142, 1, 570.00, 52),(10703, '2019-11-25', 128, 1000143, 2, 640.00, 46),(10704, '2019-11-25', 129, 1000144, 1, 3470.00, 5),(10705, '2019-11-25', 130, 1000145, 3, 550.00, 56),(10706, '2019-11-26', 131, 1000146, 1, 370.00, 30),(10707, '2019-11-26', 132, 1000147, 1, 490.00, 30),(10708, '2019-11-26', 133, 1000148, 4, 60.00, 10),(10709, '2019-11-27', 134, 1000149, 1, 1620.00, 30),(10710, '2019-11-27', 135, 1000150, 1, 2440.00, 38),(10711, '2019-11-27', 136, 1000151, 1, 550.00, 15),(10712, '2019-11-28', 137, 1000152, 5, 270.00, 30),(10713, '2019-11-28', 138, 1000153, 2, 1320.00, 9),(10714, '2019-11-28', 139, 1000154, 1, 2380.00, 51),(10715, '2019-12-01', 140, 1000155, 1, 580.00, 22),(10716, '2019-12-01', 141, 1000156, 1, 490.00, 55),(10717, '2019-12-01', 142, 1000157, 2, 130.00, 33),(10718, '2019-12-02', 143, 1000158, 1, 220.00, 13),(10719, '2019-12-02', 144, 1000159, 1, 580.00, 38),(10720, '2019-12-02', 145, 1000160, 1, 2190.00, 32),(10721, '2019-12-03', 146, 1000161, 4, 200.00, 38),(10722, '2019-12-03', 147, 1000162, 2, 1340.00, 10),(10723, '2019-12-03', 148, 1000163, 1, 4370.00, 9),(10724, '2019-12-04', 149, 1000164, 1, 160.00, 21),(10725, '2019-12-04', 150, 1000165, 2, 140.00, 9),(10726, '2019-12-04', 151, 1000166, 4, 470.00, 13),(10727, '2019-12-05', 152, 1000167, 1, 280.00, 33),(10728, '2019-12-05', 153, 1000168, 1, 460.00, 38),(10729, '2019-12-05', 154, 1000169, 1, 60.00, 38),(10730, '2019-12-08', 155, 1000170, 2, 190.00, 30),(10731, '2019-12-08', 156, 1000171, 3, 1320.00, 7),(10732, '2019-12-08', 157, 1000172, 3, 3340.00, 46),(10733, '2019-12-09', 158, 1000173, 1, 1370.00, 42),(10734, '2019-12-09', 159, 1000174, 2, 580.00, 20),(10735, '2019-12-09', 160, 1000175, 4, 2320.00, 30),(10736, '2019-12-10', 161, 1000176, 1, 2360.00, 32),(10737, '2019-12-10', 162, 1000177, 1, 460.00, 49),(10738, '2019-12-10', 163, 1000178, 1, 90.00, 21),(10739, '2019-12-11', 164, 1000179, 1, 200.00, 21),(10740, '2019-12-11', 165, 1000180, 1, 460.00, 30),(10741, '2019-12-11', 166, 1000181, 3, 70.00, 49),(10742, '2019-12-12', 167, 1000182, 1, 60.00, 49),(10743, '2019-12-12', 168, 1000183, 1, 160.00, 21),(10744, '2019-12-12', 169, 1000184, 1, 380.00, 5),(10745, '2019-12-15', 170, 1000185, 1, 250.00, 32),(10746, '2019-12-15', 171, 1000186, 1, 290.00, 35),(10747, '2019-12-15', 172, 1000187, 1, 140.00, 9),(10748, '2019-12-16', 173, 1000188, 4, 980.00, 36),(10749, '2019-12-16', 174, 1000189, 1, 890.00, 24),(10750, '2019-12-16', 175, 1000190, 1, 540.00, 20),(10751, '2019-12-17', 101, 1000191, 1, 360.00, 33),(10752, '2019-12-17', 102, 1000192, 1, 200.00, 52),(10753, '2019-12-17', 103, 1000193, 3, 2370.00, 13),(10754, '2019-12-18', 104, 1000194, 1, 3550.00, 46),(10755, '2019-12-18', 105, 1000195, 1, 320.00, 21),(10756, '2019-12-18', 106, 1000196, 1, 370.00, 22),(10757, '2019-12-19', 107, 1000197, 4, 1480.00, 22),(10758, '2019-12-19', 108, 1000198, 1, 120.00, 33),(10759, '2019-12-19', 109, 1000199, 3, 1380.00, 20),(10760, '2019-12-22', 110, 1000200, 1, 230.00, 40),(10761, '2019-12-22', 111, 1000201, 2, 120.00, 43),(10762, '2019-12-22', 112, 1000202, 2, 330.00, 22),(10763, '2019-12-23', 113, 1000203, 1, 190.00, 26),(10764, '2019-12-23', 114, 1000204, 1, 290.00, 24),(10765, '2019-12-23', 115, 1000205, 1, 850.00, 30),(10766, '2019-12-24', 116, 1000206, 2, 2050.00, 21),(10767, '2019-12-24', 117, 1000207, 2, 120.00, 56),(10768, '2019-12-24', 118, 1000208, 1, 540.00, 13),(10769, '2019-12-25', 119, 1000209, 1, 470.00, 22),(10770, '2019-12-25', 120, 1000210, 1, 370.00, 30),(10771, '2019-12-25', 121, 1000211, 4, 90.00, 20),(10772, '2019-12-26', 122, 1000212, 1, 290.00, 7),(10773, '2019-12-26', 123, 1000213, 1, 180.00, 9),(10774, '2019-12-26', 124, 1000214, 1, 1360.00, 49),(10775, '2019-12-29', 125, 1000215, 5, 3380.00, 10),(10776, '2019-12-29', 126, 1000216, 1, 250.00, 13),(10777, '2019-12-29', 127, 1000217, 1, 570.00, 9),(10778, '2019-12-30', 128, 1000218, 1, 640.00, 9),(10779, '2019-12-30', 129, 1000219, 1, 3470.00, 20),(10780, '2019-12-30', 130, 1000220, 1, 550.00, 1),(10781, '2019-12-31', 131, 1000221, 1, 370.00, 1),(10782, '2019-12-31', 132, 1000222, 1, 490.00, 1),(10783, '2019-12-31', 133, 1000223, 1, 60.00, 1),(10784, '2020-01-01', 134, 1000224, 1, 1620.00, 1),(10785, '2020-01-01', 135, 1000225, 1, 2440.00, 1),(10786, '2020-01-01', 136, 1000226, 1, 550.00, 1),(10787, '2020-01-02', 137, 1000227, 1, 270.00, 1),(10788, '2020-01-02', 138, 1000228, 1, 1320.00, 1),(10789, '2020-01-02', 139, 1000229, 1, 2380.00, 1),(10790, '2020-01-05', 140, 1000230, 2, 580.00, 23),(10791, '2020-01-05', 141, 1000231, 1, 490.00, 26),(10792, '2020-01-05', 142, 1000232, 1, 130.00, 38),(10793, '2020-01-06', 143, 1000233, 1, 220.00, 32),(10794, '2020-01-06', 144, 1000234, 3, 580.00, 43),(10795, '2020-01-06', 145, 1000235, 2, 2190.00, 20),(10796, '2020-01-07', 146, 1000236, 2, 200.00, 32),(10797, '2020-01-07', 147, 1000237, 1, 1340.00, 9),(10798, '2020-01-07', 148, 1000238, 1, 4370.00, 56),(10799, '2020-01-08', 149, 1000239, 1, 160.00, 5),(10800, '2020-01-08', 150, 1000240, 1, 140.00, 33),(10801, '2020-01-08', 151, 1000241, 1, 470.00, 9),(10802, '2020-01-09', 152, 1000242, 1, 280.00, 32),(10803, '2020-01-09', 153, 1000243, 1, 460.00, 30),(10804, '2020-01-09', 154, 1000244, 3, 60.00, 52),(10805, '2020-01-12', 155, 1000245, 2, 190.00, 47),(10806, '2020-01-12', 156, 1000246, 1, 1320.00, 53),(10807, '2020-01-12', 157, 1000247, 2, 3340.00, 22),(10808, '2020-01-13', 158, 1000248, 2, 1370.00, 51),(10809, '2020-01-13', 159, 1000249, 1, 580.00, 1),(10810, '2020-01-13', 160, 1000250, 1, 2320.00, 7),(10811, '2020-01-14', 161, 1000251, 1, 2360.00, 9),(10812, '2020-01-14', 162, 1000252, 1, 460.00, 15),(10813, '2020-01-14', 163, 1000253, 5, 90.00, 21),(10814, '2020-01-15', 164, 1000254, 2, 200.00, 1),(10815, '2020-01-15', 165, 1000255, 1, 460.00, 30),(10816, '2020-01-15', 166, 1000256, 1, 70.00, 32),(10817, '2020-01-16', 167, 1000257, 2, 60.00, 46),(10818, '2020-01-16', 168, 1000258, 2, 160.00, 20),(10819, '2020-01-16', 169, 1000259, 1, 380.00, 15),(10820, '2020-01-19', 170, 1000260, 1, 250.00, 22),(10821, '2020-01-19', 171, 1000261, 1, 290.00, 10),(10822, '2020-01-19', 172, 1000262, 1, 140.00, 13),(10823, '2020-01-20', 173, 1000263, 2, 980.00, 33),(10824, '2020-01-20', 174, 1000264, 1, 890.00, 33),(10825, '2020-01-20', 175, 1000265, 1, 540.00, 33),(10826, '2020-01-21', 101, 1000266, 2, 360.00, 33),(10827, '2020-01-21', 102, 1000267, 1, 200.00, 33),(10828, '2020-01-21', 103, 1000268, 1, 2370.00, 33),(10829, '2020-01-22', 104, 1000269, 1, 3550.00, 33),(10830, '2020-01-22', 105, 1000270, 1, 320.00, 33),(10831, '2020-01-22', 106, 1000271, 2, 370.00, 33),(10832, '2020-01-23', 107, 1000272, 3, 1480.00, 33),(10833, '2020-01-23', 108, 1000273, 1, 120.00, 33),(10834, '2020-01-23', 109, 1000274, 1, 1380.00, 33),(10835, '2020-01-26', 110, 1000275, 2, 230.00, 33),(10836, '2020-01-26', 111, 1000276, 4, 120.00, 33),(10837, '2020-01-26', 112, 1000277, 1, 330.00, 33),(10838, '2020-01-27', 113, 1000278, 1, 190.00, 33),(10839, '2020-01-27', 114, 1000279, 1, 290.00, 33),(10840, '2020-01-27', 115, 1000280, 3, 850.00, 33),(10841, '2020-01-28', 116, 1000001, 2, 2050.00, 38),(10842, '2020-01-28', 117, 1000002, 2, 120.00, 33),(10843, '2020-01-28', 118, 1000003, 1, 540.00, 22),(10844, '2020-01-29', 119, 1000004, 2, 470.00, 10),(10845, '2020-01-29', 120, 1000005, 4, 370.00, 21),(10846, '2020-01-29', 121, 1000006, 1, 90.00, 11),(10847, '2020-01-30', 122, 1000007, 1, 290.00, 40),(10848, '2020-01-30', 123, 1000008, 1, 180.00, 35),(10849, '2020-01-30', 124, 1000009, 1, 1360.00, 46),(10850, '2020-02-02', 125, 1000010, 3, 3380.00, 1),(10851, '2020-02-02', 126, 1000011, 3, 250.00, 26),(10852, '2020-02-02', 127, 1000012, 1, 570.00, 38),(10853, '2020-02-03', 128, 1000013, 2, 640.00, 9),(10854, '2020-02-03', 129, 1000014, 4, 3470.00, 21),(10855, '2020-02-03', 130, 1000015, 1, 550.00, 9),(10856, '2020-02-04', 131, 1000016, 1, 370.00, 33),(10857, '2020-02-04', 132, 1000017, 1, 490.00, 30),(10858, '2020-02-04', 133, 1000018, 2, 60.00, 56),(10859, '2020-02-05', 134, 1000019, 1, 1620.00, 10),(10860, '2020-02-05', 135, 1000020, 1, 2440.00, 30),(10861, '2020-02-05', 136, 1000021, 1, 550.00, 18),(10862, '2020-02-06', 137, 1000022, 1, 270.00, 46),(10863, '2020-02-06', 138, 1000023, 2, 1320.00, 33),(10864, '2020-02-06', 139, 1000024, 1, 2380.00, 5),(10865, '2020-02-09', 140, 1000025, 1, 580.00, 38),(10866, '2020-02-09', 141, 1000026, 1, 490.00, 33),(10867, '2020-02-09', 142, 1000027, 5, 130.00, 32),(10868, '2020-02-10', 143, 1000028, 2, 220.00, 38),(10869, '2020-02-10', 144, 1000029, 2, 580.00, 30),(10870, '2020-02-10', 145, 1000030, 1, 2190.00, 13),(10871, '2020-02-11', 146, 1000031, 1, 200.00, 7),(10872, '2020-02-11', 147, 1000032, 1, 1340.00, 20),(10873, '2020-02-11', 148, 1000033, 1, 4370.00, 13),(10874, '2020-02-12', 149, 1000034, 5, 160.00, 30),(10875, '2020-02-12', 150, 1000035, 2, 140.00, 5),(10876, '2020-02-12', 151, 1000036, 2, 470.00, 56),(10877, '2020-02-13', 152, 1000037, 1, 280.00, 5),(10878, '2020-02-13', 153, 1000038, 2, 460.00, 49),(10879, '2020-02-13', 154, 1000039, 1, 60.00, 22),(10880, '2020-02-16', 155, 1000040, 1, 190.00, 9),(10881, '2020-02-16', 156, 1000041, 1, 1320.00, 32),(10882, '2020-02-16', 157, 1000042, 1, 3340.00, 33),(10883, '2020-02-17', 158, 1000043, 2, 1370.00, 42),(10884, '2020-02-17', 159, 1000044, 1, 580.00, 42),(10885, '2020-02-17', 160, 1000045, 1, 2320.00, 10),(10886, '2020-02-18', 161, 1000046, 1, 2360.00, 1),(10887, '2020-02-18', 162, 1000047, 1, 460.00, 1),(10888, '2020-02-18', 163, 1000048, 1, 90.00, 1),(10889, '2020-02-19', 164, 1000049, 1, 200.00, 1),(10890, '2020-02-19', 165, 1000050, 2, 460.00, 7),(10891, '2020-02-19', 166, 1000051, 1, 70.00, 46),(10892, '2020-02-20', 167, 1000052, 1, 60.00, 7),(10893, '2020-02-20', 168, 1000053, 2, 160.00, 33),(10894, '2020-02-20', 169, 1000054, 4, 380.00, 40),(10895, '2020-02-23', 170, 1000055, 1, 250.00, 30),(10896, '2020-02-23', 171, 1000056, 1, 290.00, 56),(10897, '2020-02-23', 172, 1000057, 1, 140.00, 13),(10898, '2020-02-24', 173, 1000058, 3, 980.00, 38),(10899, '2020-02-24', 174, 1000059, 2, 890.00, 13),(10900, '2020-02-24', 175, 1000060, 2, 540.00, 9),(10901, '2020-02-25', 101, 1000061, 1, 360.00, 9),(10902, '2020-02-25', 102, 1000062, 1, 200.00, 21),(10903, '2020-02-25', 103, 1000063, 2, 2370.00, 38),(10904, '2020-02-26', 104, 1000064, 1, 3550.00, 51),(10905, '2020-02-26', 105, 1000065, 1, 320.00, 21),(10906, '2020-02-26', 106, 1000066, 1, 370.00, 24),(10907, '2020-02-27', 107, 1000067, 3, 1480.00, 9),(10908, '2020-02-27', 108, 1000068, 3, 120.00, 20),(10909, '2020-02-27', 109, 1000069, 1, 1380.00, 10),(10910, '2020-03-02', 110, 1000070, 1, 230.00, 22),(10911, '2020-03-02', 111, 1000071, 1, 120.00, 14),(10912, '2020-03-02', 112, 1000072, 4, 330.00, 43),(10913, '2020-03-03', 113, 1000073, 1, 190.00, 7),(10914, '2020-03-03', 114, 1000074, 1, 290.00, 30),(10915, '2020-03-03', 115, 1000075, 1, 850.00, 14),(10916, '2020-03-04', 116, 1000076, 3, 2050.00, 20),(10917, '2020-03-04', 117, 1000077, 3, 120.00, 22),(10918, '2020-03-04', 118, 1000078, 3, 540.00, 39),(10919, '2020-03-05', 119, 1000079, 1, 470.00, 38),(10920, '2020-03-05', 120, 1000080, 2, 370.00, 20),(10921, '2020-03-05', 121, 1000081, 1, 90.00, 9),(10922, '2020-03-06', 122, 1000082, 1, 290.00, 15),(10923, '2020-03-06', 123, 1000083, 1, 180.00, 9),(10924, '2020-03-06', 124, 1000084, 1, 1360.00, 21),(10925, '2020-03-09', 125, 1000085, 2, 3380.00, 30),(10926, '2020-03-09', 126, 1000086, 2, 250.00, 9),(10927, '2020-03-09', 127, 1000087, 1, 570.00, 56),(10928, '2020-03-10', 128, 1000088, 1, 640.00, 40),(10929, '2020-03-10', 129, 1000089, 1, 3470.00, 9),(10930, '2020-03-10', 130, 1000090, 2, 550.00, 26),(10931, '2020-03-11', 131, 1000091, 1, 370.00, 26),(10932, '2020-03-11', 132, 1000092, 1, 490.00, 32),(10933, '2020-03-11', 133, 1000093, 1, 60.00, 13),(10934, '2020-03-12', 134, 1000094, 3, 1620.00, 10),(10935, '2020-03-12', 135, 1000095, 3, 2440.00, 22),(10936, '2020-03-12', 136, 1000096, 3, 550.00, 13),(10937, '2020-03-13', 137, 1000097, 1, 270.00, 30),(10938, '2020-03-13', 138, 1000098, 1, 1320.00, 53),(10939, '2020-03-13', 139, 1000099, 4, 2380.00, 23),(10940, '2020-03-16', 140, 1000100, 1, 580.00, 9),(10941, '2020-03-16', 141, 1000101, 1, 490.00, 38),(10942, '2020-03-16', 142, 1000102, 1, 130.00, 5),(10943, '2020-03-17', 143, 1000103, 3, 220.00, 40),(10944, '2020-03-17', 144, 1000104, 1, 580.00, 34),(10945, '2020-03-17', 145, 1000105, 2, 2190.00, 43),(10946, '2020-03-18', 146, 1000106, 1, 200.00, 35),(10947, '2020-03-18', 147, 1000107, 1, 1340.00, 20),(10948, '2020-03-18', 148, 1000108, 1, 4370.00, 56),(10949, '2020-03-19', 149, 1000109, 4, 160.00, 32),(10950, '2020-03-19', 150, 1000110, 1, 140.00, 56),(10951, '2020-03-19', 151, 1000111, 1, 470.00, 32),(10952, '2020-03-20', 152, 1000112, 1, 280.00, 18),(10953, '2020-03-20', 153, 1000113, 1, 460.00, 38),(10954, '2020-03-20', 154, 1000114, 1, 60.00, 56),(10955, '2020-03-23', 155, 1000115, 1, 190.00, 40),(10956, '2020-03-23', 156, 1000116, 1, 1320.00, 30),(10957, '2020-03-23', 157, 1000117, 1, 3340.00, 54),(10958, '2020-03-24', 158, 1000118, 4, 1370.00, 10),(10959, '2020-03-24', 159, 1000119, 1, 580.00, 33),(10960, '2020-03-24', 160, 1000120, 1, 2320.00, 30),(10961, '2020-03-25', 161, 1000121, 1, 2360.00, 5),(10962, '2020-03-25', 162, 1000122, 5, 460.00, 55),(10963, '2020-03-25', 163, 1000123, 1, 90.00, 1),(10964, '2020-03-26', 164, 1000124, 1, 200.00, 1),(10965, '2020-03-26', 165, 1000125, 1, 460.00, 1),(10966, '2020-03-26', 166, 1000126, 1, 70.00, 1),(10967, '2020-03-27', 167, 1000127, 1, 60.00, 1),(10968, '2020-03-27', 168, 1000128, 3, 160.00, 9),(10969, '2020-03-27', 169, 1000129, 2, 380.00, 4),(10970, '2020-03-30', 170, 1000130, 1, 250.00, 32),(10971, '2020-03-30', 171, 1000131, 1, 290.00, 33),(10972, '2020-03-30', 172, 1000132, 2, 140.00, 21),(10973, '2020-03-31', 173, 1000133, 1, 980.00, 20),(10974, '2020-03-31', 174, 1000134, 3, 890.00, 40),(10975, '2020-03-31', 175, 1000135, 3, 540.00, 47),(10976, '2020-04-01', 101, 1000136, 2, 360.00, 32),(10977, '2020-04-01', 102, 1000137, 1, 200.00, 38),(10978, '2020-04-01', 103, 1000138, 2, 2370.00, 49),(10979, '2020-04-02', 104, 1000139, 1, 3550.00, 43),(10980, '2020-04-02', 105, 1000140, 1, 320.00, 3),(10981, '2020-04-02', 106, 1000141, 1, 370.00, 46),(10982, '2020-04-03', 107, 1000142, 1, 1480.00, 52),(10983, '2020-04-03', 108, 1000143, 5, 120.00, 46),(10984, '2020-04-03', 109, 1000144, 3, 1380.00, 5),(10985, '2020-04-06', 110, 1000145, 2, 230.00, 56),(10986, '2020-04-06', 111, 1000146, 1, 120.00, 30),(10987, '2020-04-06', 112, 1000147, 1, 330.00, 30),(10988, '2020-04-07', 113, 1000148, 4, 190.00, 10),(10989, '2020-04-07', 114, 1000149, 1, 290.00, 30),(10990, '2020-04-07', 115, 1000150, 1, 850.00, 38),(10991, '2020-04-08', 116, 1000151, 1, 2050.00, 15),(10992, '2020-04-08', 117, 1000152, 5, 120.00, 30),(10993, '2020-04-08', 118, 1000153, 1, 540.00, 9),(10994, '2020-04-09', 119, 1000154, 3, 470.00, 51),(10995, '2020-04-09', 120, 1000155, 1, 370.00, 22),(10996, '2020-04-09', 121, 1000156, 2, 90.00, 55),(10997, '2020-04-10', 122, 1000157, 1, 290.00, 33),(10998, '2020-04-10', 123, 1000158, 1, 180.00, 13),(10999, '2020-04-10', 124, 1000159, 1, 1360.00, 38),(11000, '2020-04-13', 125, 1000160, 1, 3380.00, 32),(11001, '2020-04-13', 126, 1000161, 5, 250.00, 38),(11002, '2020-04-13', 127, 1000162, 2, 570.00, 10),(11003, '2020-04-14', 128, 1000163, 3, 640.00, 9),(11004, '2020-04-14', 129, 1000164, 1, 3470.00, 21),(11005, '2020-04-14', 130, 1000165, 1, 550.00, 9),(11006, '2020-04-15', 131, 1000166, 4, 370.00, 13),(11007, '2020-04-15', 132, 1000167, 1, 490.00, 33),(11008, '2020-04-15', 133, 1000168, 1, 60.00, 38),(11009, '2020-04-16', 134, 1000169, 1, 1620.00, 38),(11010, '2020-04-16', 135, 1000170, 3, 2440.00, 30),(11011, '2020-04-16', 136, 1000171, 2, 550.00, 7),(11012, '2020-04-17', 137, 1000172, 3, 270.00, 46),(11013, '2020-04-17', 138, 1000173, 1, 1320.00, 42),(11014, '2020-04-17', 139, 1000174, 1, 2380.00, 20),(11015, '2020-04-20', 140, 1000175, 3, 580.00, 30),(11016, '2020-04-20', 141, 1000176, 1, 490.00, 32),(11017, '2020-04-20', 142, 1000177, 1, 130.00, 49),(11018, '2020-04-21', 143, 1000178, 1, 220.00, 21),(11019, '2020-04-21', 144, 1000179, 4, 580.00, 21),(11020, '2020-04-21', 145, 1000180, 2, 2190.00, 30),(11021, '2020-04-22', 146, 1000181, 2, 200.00, 49),(11022, '2020-04-22', 147, 1000182, 1, 1340.00, 49),(11023, '2020-04-22', 148, 1000183, 1, 4370.00, 21),(11024, '2020-04-23', 149, 1000184, 1, 160.00, 5),(11025, '2020-04-23', 150, 1000185, 1, 140.00, 32),(11026, '2020-04-23', 151, 1000186, 1, 470.00, 35),(11027, '2020-04-24', 152, 1000187, 1, 280.00, 9),(11028, '2020-04-24', 153, 1000188, 2, 460.00, 36),(11029, '2020-04-24', 154, 1000189, 1, 60.00, 24),(11030, '2020-04-27', 155, 1000190, 1, 190.00, 20),(11031, '2020-04-27', 156, 1000191, 1, 1320.00, 33),(11032, '2020-04-27', 157, 1000192, 1, 3340.00, 52),(11033, '2020-04-28', 158, 1000193, 4, 1370.00, 13),(11034, '2020-04-28', 159, 1000194, 1, 580.00, 46),(11035, '2020-04-28', 160, 1000195, 1, 2320.00, 21),(11036, '2020-04-29', 161, 1000196, 1, 2360.00, 22),(11037, '2020-04-29', 162, 1000197, 3, 460.00, 22),(11038, '2020-04-29', 163, 1000198, 1, 90.00, 33),(11039, '2020-04-30', 164, 1000199, 3, 200.00, 20),(11040, '2020-04-30', 165, 1000200, 1, 460.00, 40),(11041, '2020-04-30', 166, 1000201, 1, 70.00, 43),(11042, '2020-05-01', 167, 1000202, 4, 60.00, 22),(11043, '2020-05-01', 168, 1000203, 1, 160.00, 26),(11044, '2020-05-01', 169, 1000204, 1, 380.00, 24),(11045, '2020-05-04', 170, 1000205, 1, 250.00, 30),(11046, '2020-05-04', 171, 1000206, 5, 290.00, 21),(11047, '2020-05-04', 172, 1000207, 1, 140.00, 56),(11048, '2020-05-05', 173, 1000208, 1, 980.00, 13),(11049, '2020-05-05', 174, 1000209, 1, 890.00, 22),(11050, '2020-05-05', 175, 1000210, 1, 540.00, 30),(11051, '2020-05-06', 101, 1000211, 4, 360.00, 20),(11052, '2020-05-06', 102, 1000212, 1, 200.00, 7),(11053, '2020-05-06', 103, 1000213, 1, 2370.00, 9),(11054, '2020-05-07', 104, 1000214, 1, 3550.00, 49),(11055, '2020-05-07', 105, 1000215, 3, 320.00, 10),(11056, '2020-05-07', 106, 1000216, 2, 370.00, 13),(11057, '2020-05-08', 107, 1000217, 1, 1480.00, 9),(11058, '2020-05-08', 108, 1000218, 1, 120.00, 9),(11059, '2020-05-08', 109, 1000219, 1, 1380.00, 20),(11060, '2020-05-11', 110, 1000220, 1, 230.00, 1),(11061, '2020-05-11', 111, 1000221, 1, 120.00, 1),(11062, '2020-05-11', 112, 1000222, 1, 330.00, 1),(11063, '2020-05-12', 113, 1000223, 1, 190.00, 1),(11064, '2020-05-12', 114, 1000224, 1, 290.00, 1),(11065, '2020-05-12', 115, 1000225, 1, 850.00, 1),(11066, '2020-05-13', 116, 1000226, 1, 2050.00, 1),(11067, '2020-05-13', 117, 1000227, 1, 120.00, 1),(11068, '2020-05-13', 118, 1000228, 1, 540.00, 1),(11069, '2020-05-14', 119, 1000229, 1, 470.00, 1),(11070, '2020-05-14', 120, 1000230, 4, 370.00, 23),(11071, '2020-05-14', 121, 1000231, 1, 90.00, 26),(11072, '2020-05-15', 122, 1000232, 1, 290.00, 38),(11073, '2020-05-15', 123, 1000233, 1, 180.00, 32),(11074, '2020-05-15', 124, 1000234, 5, 1360.00, 43),(11075, '2020-05-18', 125, 1000235, 2, 3380.00, 20),(11076, '2020-05-18', 126, 1000236, 3, 250.00, 32),(11077, '2020-05-18', 127, 1000237, 1, 570.00, 9),(11078, '2020-05-19', 128, 1000238, 1, 640.00, 56),(11079, '2020-05-19', 129, 1000239, 3, 3470.00, 5),(11080, '2020-05-19', 130, 1000240, 1, 550.00, 33),(11081, '2020-05-20', 131, 1000241, 1, 370.00, 9),(11082, '2020-05-20', 132, 1000242, 1, 490.00, 32),(11083, '2020-05-20', 133, 1000243, 2, 60.00, 30),(11084, '2020-05-21', 134, 1000244, 1, 1620.00, 52),(11085, '2020-05-21', 135, 1000245, 3, 2440.00, 47),(11086, '2020-05-21', 136, 1000246, 1, 550.00, 53),(11087, '2020-05-22', 137, 1000247, 1, 270.00, 22),(11088, '2020-05-22', 138, 1000248, 4, 1320.00, 51),(11089, '2020-05-22', 139, 1000249, 1, 2380.00, 1),(11090, '2020-05-25', 140, 1000250, 1, 580.00, 7),(11091, '2020-05-25', 141, 1000251, 1, 490.00, 9),(11092, '2020-05-25', 142, 1000252, 1, 130.00, 15),(11093, '2020-05-26', 143, 1000253, 1, 220.00, 21),(11094, '2020-05-26', 144, 1000254, 2, 580.00, 1),(11095, '2020-05-26', 145, 1000255, 3, 2190.00, 30),(11096, '2020-05-27', 146, 1000256, 1, 200.00, 32),(11097, '2020-05-27', 147, 1000257, 2, 1340.00, 46),(11098, '2020-05-27', 148, 1000258, 3, 4370.00, 20),(11099, '2020-05-28', 149, 1000259, 1, 160.00, 15),(11100, '2020-05-28', 150, 1000260, 1, 140.00, 22),(11101, '2020-05-28', 151, 1000261, 1, 470.00, 10),(11102, '2020-05-29', 152, 1000262, 4, 280.00, 13),(11103, '2020-05-29', 153, 1000263, 2, 460.00, 33),(11104, '2020-05-29', 154, 1000264, 2, 60.00, 33),(11105, '2020-06-01', 155, 1000265, 1, 190.00, 33),(11106, '2020-06-01', 156, 1000266, 1, 1320.00, 33),(11107, '2020-06-01', 157, 1000267, 4, 3340.00, 33),(11108, '2020-06-02', 158, 1000268, 1, 1370.00, 33),(11109, '2020-06-02', 159, 1000269, 1, 580.00, 33),(11110, '2020-06-02', 160, 1000270, 1, 2320.00, 33),(11111, '2020-06-03', 161, 1000271, 1, 2360.00, 33),(11112, '2020-06-03', 162, 1000272, 3, 460.00, 33),(11113, '2020-06-03', 163, 1000273, 2, 90.00, 33),(11114, '2020-06-04', 164, 1000274, 1, 200.00, 33),(11115, '2020-06-04', 165, 1000275, 2, 460.00, 33),(11116, '2020-06-04', 166, 1000276, 3, 70.00, 33),(11117, '2020-06-05', 167, 1000277, 1, 60.00, 33),(11118, '2020-06-05', 168, 1000278, 1, 160.00, 33),(11119, '2020-06-05', 169, 1000279, 1, 380.00, 33),(11120, '2020-06-08', 170, 1000280, 3, 250.00, 33),(11121, '2020-06-08', 171, 1000001, 1, 290.00, 38),(11122, '2020-06-08', 172, 1000002, 3, 140.00, 33),(11123, '2020-06-09', 173, 1000003, 1, 980.00, 22),(11124, '2020-06-09', 174, 1000004, 1, 890.00, 10),(11125, '2020-06-09', 175, 1000005, 3, 540.00, 21),(11126, '2020-06-10', 101, 1000006, 1, 360.00, 11),(11127, '2020-06-10', 102, 1000007, 1, 200.00, 40),(11128, '2020-06-10', 103, 1000008, 1, 2370.00, 35),(11129, '2020-06-11', 104, 1000009, 5, 3550.00, 46),(11130, '2020-06-11', 105, 1000010, 1, 320.00, 1),(11131, '2020-06-11', 106, 1000011, 1, 370.00, 26),(11132, '2020-06-12', 107, 1000012, 1, 1480.00, 38),(11133, '2020-06-12', 108, 1000013, 2, 120.00, 9),(11134, '2020-06-12', 109, 1000014, 2, 1380.00, 21),(11135, '2020-06-15', 110, 1000015, 1, 230.00, 9),(11136, '2020-06-15', 111, 1000016, 1, 120.00, 33),(11137, '2020-06-15', 112, 1000017, 1, 330.00, 30),(11138, '2020-06-16', 113, 1000018, 1, 190.00, 56),(11139, '2020-06-16', 114, 1000019, 1, 290.00, 10),(11140, '2020-06-16', 115, 1000020, 3, 850.00, 30),(11141, '2020-06-17', 116, 1000021, 1, 2050.00, 18),(11142, '2020-06-17', 117, 1000022, 1, 120.00, 46),(11143, '2020-06-17', 118, 1000023, 1, 540.00, 33),(11144, '2020-06-18', 119, 1000024, 1, 470.00, 5),(11145, '2020-06-18', 120, 1000025, 1, 370.00, 38),(11146, '2020-06-18', 121, 1000026, 1, 90.00, 33),(11147, '2020-06-19', 122, 1000027, 2, 290.00, 32),(11148, '2020-06-19', 123, 1000028, 3, 180.00, 38),(11149, '2020-06-19', 124, 1000029, 2, 1360.00, 30),(11150, '2020-06-22', 125, 1000030, 1, 3380.00, 13),(11151, '2020-06-22', 126, 1000031, 1, 250.00, 7),(11152, '2020-06-22', 127, 1000032, 4, 570.00, 20),(11153, '2020-06-23', 128, 1000033, 1, 640.00, 13),(11154, '2020-06-23', 129, 1000034, 1, 3470.00, 30),(11155, '2020-06-23', 130, 1000035, 1, 550.00, 5),(11156, '2020-06-24', 131, 1000036, 1, 370.00, 56),(11157, '2020-06-24', 132, 1000037, 1, 490.00, 5),(11158, '2020-06-24', 133, 1000038, 2, 60.00, 49),(11159, '2020-06-25', 134, 1000039, 4, 1620.00, 22),(11160, '2020-06-25', 135, 1000040, 1, 2440.00, 9),(11161, '2020-06-25', 136, 1000041, 1, 550.00, 32),(11162, '2020-06-26', 137, 1000042, 1, 270.00, 33),(11163, '2020-06-26', 138, 1000043, 3, 1320.00, 42),(11164, '2020-06-26', 139, 1000044, 1, 2380.00, 42),(11165, '2020-06-29', 140, 1000045, 1, 580.00, 10),(11166, '2020-06-29', 141, 1000046, 1, 490.00, 1),(11167, '2020-06-29', 142, 1000047, 1, 130.00, 1),(11168, '2020-06-30', 143, 1000048, 1, 220.00, 1),(11169, '2020-06-30', 144, 1000049, 1, 580.00, 1),(11170, '2020-06-30', 145, 1000050, 3, 2190.00, 7),(11171, '2020-07-01', 146, 1000051, 2, 200.00, 46),(11172, '2020-07-01', 147, 1000052, 1, 1340.00, 7),(11173, '2020-07-01', 148, 1000053, 2, 4370.00, 33),(11174, '2020-07-02', 149, 1000054, 4, 160.00, 40),(11175, '2020-07-02', 150, 1000055, 1, 140.00, 30),(11176, '2020-07-02', 151, 1000056, 1, 470.00, 56),(11177, '2020-07-03', 152, 1000057, 1, 280.00, 13),(11178, '2020-07-03', 153, 1000058, 5, 460.00, 38),(11179, '2020-07-03', 154, 1000059, 3, 60.00, 13),(11180, '2020-07-06', 155, 1000060, 3, 190.00, 9),(11181, '2020-07-06', 156, 1000061, 1, 1320.00, 9),(11182, '2020-07-06', 157, 1000062, 2, 3340.00, 21),(11183, '2020-07-07', 158, 1000063, 1, 1370.00, 38),(11184, '2020-07-07', 159, 1000064, 1, 580.00, 51),(11185, '2020-07-07', 160, 1000065, 1, 2320.00, 21),(11186, '2020-07-08', 161, 1000066, 1, 2360.00, 24),(11187, '2020-07-08', 162, 1000067, 2, 460.00, 9),(11188, '2020-07-08', 163, 1000068, 1, 90.00, 20),(11189, '2020-07-09', 164, 1000069, 3, 200.00, 10),(11190, '2020-07-09', 165, 1000070, 1, 460.00, 22),(11191, '2020-07-09', 166, 1000071, 1, 70.00, 14),(11192, '2020-07-10', 167, 1000072, 3, 60.00, 43),(11193, '2020-07-10', 168, 1000073, 1, 160.00, 7),(11194, '2020-07-10', 169, 1000074, 1, 380.00, 30),(11195, '2020-07-13', 170, 1000075, 1, 250.00, 14),(11196, '2020-07-13', 171, 1000076, 1, 290.00, 20),(11197, '2020-07-13', 172, 1000077, 2, 140.00, 22),(11198, '2020-07-14', 173, 1000078, 1, 980.00, 39),(11199, '2020-07-14', 174, 1000079, 1, 890.00, 38),(11200, '2020-07-14', 175, 1000080, 2, 540.00, 20),(11201, '2020-07-15', 101, 1000081, 3, 360.00, 9),(11202, '2020-07-15', 102, 1000082, 1, 200.00, 15),(11203, '2020-07-15', 103, 1000083, 1, 2370.00, 9),(11204, '2020-07-16', 104, 1000084, 1, 3550.00, 21),(11205, '2020-07-16', 105, 1000085, 4, 320.00, 30),(11206, '2020-07-16', 106, 1000086, 3, 370.00, 9),(11207, '2020-07-17', 107, 1000087, 1, 1480.00, 56),(11208, '2020-07-17', 108, 1000088, 1, 120.00, 40),(11209, '2020-07-17', 109, 1000089, 1, 1380.00, 9),(11210, '2020-07-20', 110, 1000090, 1, 230.00, 26),(11211, '2020-07-20', 111, 1000091, 1, 120.00, 26),(11212, '2020-07-20', 112, 1000092, 1, 330.00, 32),(11213, '2020-07-21', 113, 1000093, 1, 190.00, 13),(11214, '2020-07-21', 114, 1000094, 4, 290.00, 10),(11215, '2020-07-21', 115, 1000095, 2, 850.00, 22),(11216, '2020-07-22', 116, 1000096, 2, 2050.00, 13),(11217, '2020-07-22', 117, 1000097, 1, 120.00, 30),(11218, '2020-07-22', 118, 1000098, 1, 540.00, 53),(11219, '2020-07-23', 119, 1000099, 3, 470.00, 23),(11220, '2020-07-23', 120, 1000100, 1, 370.00, 9),(11221, '2020-07-23', 121, 1000101, 1, 90.00, 38),(11222, '2020-07-24', 122, 1000102, 1, 290.00, 5),(11223, '2020-07-24', 123, 1000103, 1, 180.00, 40),(11224, '2020-07-24', 124, 1000104, 2, 1360.00, 34),(11225, '2020-07-27', 125, 1000105, 3, 3380.00, 43),(11226, '2020-07-27', 126, 1000106, 1, 250.00, 35),(11227, '2020-07-27', 127, 1000107, 1, 570.00, 20),(11228, '2020-07-28', 128, 1000108, 1, 640.00, 56),(11229, '2020-07-28', 129, 1000109, 3, 3470.00, 32),(11230, '2020-07-28', 130, 1000110, 1, 550.00, 56),(11231, '2020-07-29', 131, 1000111, 1, 370.00, 32),(11232, '2020-07-29', 132, 1000112, 1, 490.00, 18),(11233, '2020-07-29', 133, 1000113, 1, 60.00, 38),(11234, '2020-07-30', 134, 1000114, 1, 1620.00, 56),(11235, '2020-07-30', 135, 1000115, 3, 2440.00, 40),(11236, '2020-07-30', 136, 1000116, 1, 550.00, 30),(11237, '2020-07-31', 137, 1000117, 1, 270.00, 54),(11238, '2020-07-31', 138, 1000118, 3, 1320.00, 10),(11239, '2020-07-31', 139, 1000119, 1, 2380.00, 33),(11240, '2020-08-03', 140, 1000120, 1, 580.00, 30),(11241, '2020-08-03', 141, 1000121, 1, 490.00, 5),(11242, '2020-08-03', 142, 1000122, 1, 130.00, 55),(11243, '2020-08-04', 143, 1000123, 1, 220.00, 1),(11244, '2020-08-04', 144, 1000124, 1, 580.00, 1),(11245, '2020-08-04', 145, 1000125, 1, 2190.00, 1),(11246, '2020-08-05', 146, 1000126, 1, 200.00, 1),(11247, '2020-08-05', 147, 1000127, 1, 1340.00, 1),(11248, '2020-08-05', 148, 1000128, 1, 4370.00, 9),(11249, '2020-08-06', 149, 1000129, 1, 160.00, 4),(11250, '2020-08-06', 150, 1000130, 1, 140.00, 32),(11251, '2020-08-06', 151, 1000131, 1, 470.00, 33),(11252, '2020-08-07', 152, 1000132, 3, 280.00, 21),(11253, '2020-08-07', 153, 1000133, 1, 460.00, 20),(11254, '2020-08-07', 154, 1000134, 1, 60.00, 40),(11255, '2020-08-10', 155, 1000135, 1, 190.00, 47),(11256, '2020-08-10', 156, 1000136, 2, 1320.00, 32),(11257, '2020-08-10', 157, 1000137, 1, 3340.00, 38),(11258, '2020-08-11', 158, 1000138, 2, 1370.00, 49),(11259, '2020-08-11', 159, 1000139, 4, 580.00, 43),(11260, '2020-08-11', 160, 1000140, 1, 2320.00, 3),(11261, '2020-08-12', 161, 1000141, 1, 2360.00, 46),(11262, '2020-08-12', 162, 1000142, 1, 460.00, 52),(11263, '2020-08-12', 163, 1000143, 4, 90.00, 46),(11264, '2020-08-13', 164, 1000144, 3, 200.00, 5),(11265, '2020-08-13', 165, 1000145, 3, 460.00, 56),(11266, '2020-08-13', 166, 1000146, 1, 70.00, 30),(11267, '2020-08-14', 167, 1000147, 2, 60.00, 30),(11268, '2020-08-14', 168, 1000148, 4, 160.00, 10),(11269, '2020-08-14', 169, 1000149, 1, 380.00, 30),(11270, '2020-08-17', 170, 1000150, 1, 250.00, 38),(11271, '2020-08-17', 171, 1000151, 1, 290.00, 15),(11272, '2020-08-17', 172, 1000152, 1, 140.00, 30),(11273, '2020-08-18', 173, 1000153, 1, 980.00, 9),(11274, '2020-08-18', 174, 1000154, 1, 890.00, 51),(11275, '2020-08-18', 175, 1000155, 1, 540.00, 22),(11276, '2020-08-19', 101, 1000156, 2, 360.00, 55),(11277, '2020-08-19', 102, 1000157, 3, 200.00, 33),(11278, '2020-08-19', 103, 1000158, 1, 2370.00, 13),(11279, '2020-08-20', 104, 1000159, 1, 3550.00, 38),(11280, '2020-08-20', 105, 1000160, 1, 320.00, 32),(11281, '2020-08-20', 106, 1000161, 4, 370.00, 38),(11282, '2020-08-21', 107, 1000162, 1, 1480.00, 10),(11283, '2020-08-21', 108, 1000163, 1, 120.00, 9),(11284, '2020-08-21', 109, 1000164, 1, 1380.00, 21),(11285, '2020-08-24', 110, 1000165, 1, 230.00, 9),(11286, '2020-08-24', 111, 1000166, 3, 120.00, 13),(11287, '2020-08-24', 112, 1000167, 1, 330.00, 33),(11288, '2020-08-25', 113, 1000168, 1, 190.00, 38),(11289, '2020-08-25', 114, 1000169, 1, 290.00, 38),(11290, '2020-08-25', 115, 1000170, 2, 850.00, 30),(11291, '2020-08-26', 116, 1000171, 1, 2050.00, 7),(11292, '2020-08-26', 117, 1000172, 3, 120.00, 46),(11293, '2020-08-26', 118, 1000173, 1, 540.00, 42),(11294, '2020-08-27', 119, 1000174, 1, 470.00, 20),(11295, '2020-08-27', 120, 1000175, 2, 370.00, 30),(11296, '2020-08-27', 121, 1000176, 1, 90.00, 32),(11297, '2020-08-28', 122, 1000177, 1, 290.00, 49),(11298, '2020-08-28', 123, 1000178, 1, 180.00, 21),(11299, '2020-08-28', 124, 1000179, 3, 1360.00, 21),(11300, '2020-08-31', 125, 1000180, 3, 3380.00, 30),(11301, '2020-08-31', 126, 1000181, 1, 250.00, 49),(11302, '2020-08-31', 127, 1000182, 1, 570.00, 49),(11303, '2020-09-01', 128, 1000183, 1, 640.00, 21),(11304, '2020-09-01', 129, 1000184, 1, 3470.00, 5),(11305, '2020-09-01', 130, 1000185, 1, 550.00, 32),(11306, '2020-09-02', 131, 1000186, 1, 370.00, 35),(11307, '2020-09-02', 132, 1000187, 1, 490.00, 9),(11308, '2020-09-02', 133, 1000188, 5, 60.00, 36),(11309, '2020-09-03', 134, 1000189, 3, 1620.00, 24),(11310, '2020-09-03', 135, 1000190, 2, 2440.00, 20),(11311, '2020-09-03', 136, 1000191, 1, 550.00, 33),(11312, '2020-09-04', 137, 1000192, 2, 270.00, 52),(11313, '2020-09-04', 138, 1000193, 3, 1320.00, 13),(11314, '2020-09-04', 139, 1000194, 1, 2380.00, 46),(11315, '2020-09-07', 140, 1000195, 1, 580.00, 21),(11316, '2020-09-07', 141, 1000196, 1, 490.00, 22),(11317, '2020-09-07', 142, 1000197, 5, 130.00, 22),(11318, '2020-09-08', 143, 1000198, 1, 220.00, 33),(11319, '2020-09-08', 144, 1000199, 1, 580.00, 20),(11320, '2020-09-08', 145, 1000200, 1, 2190.00, 40),(11321, '2020-09-09', 146, 1000201, 1, 200.00, 43),(11322, '2020-09-09', 147, 1000202, 4, 1340.00, 22),(11323, '2020-09-09', 148, 1000203, 1, 4370.00, 26),(11324, '2020-09-10', 149, 1000204, 1, 160.00, 24),(11325, '2020-09-10', 150, 1000205, 1, 140.00, 30),(11326, '2020-09-10', 151, 1000206, 1, 470.00, 21),(11327, '2020-09-11', 152, 1000207, 1, 280.00, 56),(11328, '2020-09-11', 153, 1000208, 2, 460.00, 13),(11329, '2020-09-11', 154, 1000209, 1, 60.00, 22),(11330, '2020-09-14', 155, 1000210, 1, 190.00, 30),(11331, '2020-09-14', 156, 1000211, 3, 1320.00, 20),(11332, '2020-09-14', 157, 1000212, 1, 3340.00, 7),(11333, '2020-09-15', 158, 1000213, 1, 1370.00, 9),(11334, '2020-09-15', 159, 1000214, 1, 580.00, 49),(11335, '2020-09-15', 160, 1000215, 3, 2320.00, 10),(11336, '2020-09-16', 161, 1000216, 2, 2360.00, 13),(11337, '2020-09-16', 162, 1000217, 2, 460.00, 9),(11338, '2020-09-16', 163, 1000218, 1, 90.00, 9),(11339, '2020-09-17', 164, 1000219, 1, 200.00, 20),(11340, '2020-09-17', 165, 1000220, 1, 460.00, 1),(11341, '2020-09-17', 166, 1000221, 1, 70.00, 1),(11342, '2020-09-18', 167, 1000222, 1, 60.00, 1),(11343, '2020-09-18', 168, 1000223, 1, 160.00, 1),(11344, '2020-09-18', 169, 1000224, 1, 380.00, 1),(11345, '2020-09-21', 170, 1000225, 1, 250.00, 1),(11346, '2020-09-21', 171, 1000226, 1, 290.00, 1),(11347, '2020-09-21', 172, 1000227, 1, 140.00, 1),(11348, '2020-09-22', 173, 1000228, 1, 980.00, 1),(11349, '2020-09-22', 174, 1000229, 1, 890.00, 1),(11350, '2020-09-22', 175, 1000230, 3, 540.00, 23),(11351, '2020-09-23', 101, 1000231, 1, 360.00, 26),(11352, '2020-09-23', 102, 1000232, 1, 200.00, 38),(11353, '2020-09-23', 103, 1000233, 1, 2370.00, 32),(11354, '2020-09-24', 104, 1000234, 1, 3550.00, 43),(11355, '2020-09-24', 105, 1000235, 3, 320.00, 20),(11356, '2020-09-24', 106, 1000236, 3, 370.00, 32),(11357, '2020-09-25', 107, 1000237, 1, 1480.00, 9),(11358, '2020-09-25', 108, 1000238, 1, 120.00, 56),(11359, '2020-09-25', 109, 1000239, 2, 1380.00, 5),(11360, '2020-09-28', 110, 1000240, 1, 230.00, 33),(11361, '2020-09-28', 111, 1000241, 1, 120.00, 9),(11362, '2020-09-28', 112, 1000242, 1, 330.00, 32),(11363, '2020-09-29', 113, 1000243, 1, 190.00, 30),(11364, '2020-09-29', 114, 1000244, 2, 290.00, 52),(11365, '2020-09-29', 115, 1000245, 3, 850.00, 47),(11366, '2020-09-30', 116, 1000246, 1, 2050.00, 53),(11367, '2020-09-30', 117, 1000247, 2, 120.00, 22),(11368, '2020-09-30', 118, 1000248, 2, 540.00, 51),(11369, '2020-10-01', 119, 1000249, 1, 470.00, 1),(11370, '2020-10-01', 120, 1000250, 1, 370.00, 7),(11371, '2020-10-01', 121, 1000251, 1, 90.00, 9),(11372, '2020-10-02', 122, 1000252, 1, 290.00, 15),(11373, '2020-10-02', 123, 1000253, 3, 180.00, 21),(11374, '2020-10-02', 124, 1000254, 2, 1360.00, 1),(11375, '2020-10-05', 125, 1000255, 2, 3380.00, 30),(11376, '2020-10-05', 126, 1000256, 1, 250.00, 32),(11377, '2020-10-05', 127, 1000257, 1, 570.00, 46),(11378, '2020-10-06', 128, 1000258, 4, 640.00, 20),(11379, '2020-10-06', 129, 1000259, 1, 3470.00, 15),(11380, '2020-10-06', 130, 1000260, 1, 550.00, 22),(11381, '2020-10-07', 131, 1000261, 1, 370.00, 10),(11382, '2020-10-07', 132, 1000262, 5, 490.00, 13),(11383, '2020-10-07', 133, 1000263, 1, 60.00, 33),(11384, '2020-10-08', 134, 1000264, 1, 1620.00, 33),(11385, '2020-10-08', 135, 1000265, 1, 2440.00, 33),(11386, '2020-10-08', 136, 1000266, 2, 550.00, 33),(11387, '2020-10-09', 137, 1000267, 4, 270.00, 33),(11388, '2020-10-09', 138, 1000268, 1, 1320.00, 33),(11389, '2020-10-09', 139, 1000269, 1, 2380.00, 33),(11390, '2020-10-12', 140, 1000270, 1, 580.00, 33),(11391, '2020-10-12', 141, 1000271, 3, 490.00, 33),(11392, '2020-10-12', 142, 1000272, 1, 130.00, 33),(11393, '2020-10-13', 143, 1000273, 3, 220.00, 33),(11394, '2020-10-13', 144, 1000274, 1, 580.00, 33),(11395, '2020-10-13', 145, 1000275, 1, 2190.00, 33),(11396, '2020-10-14', 146, 1000276, 1, 200.00, 33),(11397, '2020-10-14', 147, 1000277, 1, 1340.00, 33),(11398, '2020-10-14', 148, 1000278, 1, 4370.00, 33),(11399, '2020-10-15', 149, 1000279, 1, 160.00, 33),(11400, '2020-10-15', 150, 1000280, 5, 140.00, 33),(11401, '2020-10-15', 151, 1000001, 3, 470.00, 38),(11402, '2020-10-16', 152, 1000002, 3, 280.00, 33),(11403, '2020-10-16', 153, 1000003, 1, 460.00, 22),(11404, '2020-10-16', 154, 1000004, 2, 60.00, 10),(11405, '2020-10-19', 155, 1000005, 4, 190.00, 21),(11406, '2020-10-19', 156, 1000006, 1, 1320.00, 11),(11407, '2020-10-19', 157, 1000007, 1, 3340.00, 40),(11408, '2020-10-20', 158, 1000008, 1, 1370.00, 35),(11409, '2020-10-20', 159, 1000009, 1, 580.00, 46),(11410, '2020-10-20', 160, 1000010, 1, 2320.00, 1),(11411, '2020-10-21', 161, 1000011, 3, 2360.00, 26),(11412, '2020-10-21', 162, 1000012, 1, 460.00, 38),(11413, '2020-10-21', 163, 1000013, 2, 90.00, 9),(11414, '2020-10-22', 164, 1000014, 3, 200.00, 21),(11415, '2020-10-22', 165, 1000015, 1, 460.00, 9),(11416, '2020-10-22', 166, 1000016, 1, 70.00, 33),(11417, '2020-10-23', 167, 1000017, 1, 60.00, 30),(11418, '2020-10-23', 168, 1000018, 2, 160.00, 56),(11419, '2020-10-23', 169, 1000019, 2, 380.00, 10),(11420, '2020-10-26', 170, 1000020, 1, 250.00, 30),(11421, '2020-10-26', 171, 1000021, 1, 290.00, 18),(11422, '2020-10-26', 172, 1000022, 1, 140.00, 46),(11423, '2020-10-27', 173, 1000023, 4, 980.00, 33),(11424, '2020-10-27', 174, 1000024, 1, 890.00, 5),(11425, '2020-10-27', 175, 1000025, 1, 540.00, 38),(11426, '2020-10-28', 101, 1000026, 1, 360.00, 33),(11427, '2020-10-28', 102, 1000027, 4, 200.00, 32),(11428, '2020-10-28', 103, 1000028, 3, 2370.00, 38),(11429, '2020-10-29', 104, 1000029, 3, 3550.00, 30),(11430, '2020-10-29', 105, 1000030, 1, 320.00, 13),(11431, '2020-10-29', 106, 1000031, 1, 370.00, 7),(11432, '2020-10-30', 107, 1000032, 4, 1480.00, 20),(11433, '2020-10-30', 108, 1000033, 1, 120.00, 13),(11434, '2020-10-30', 109, 1000034, 2, 1380.00, 30),(11435, '2020-11-02', 110, 1000035, 1, 230.00, 5),(11436, '2020-11-02', 111, 1000036, 1, 120.00, 56),(11437, '2020-11-02', 112, 1000037, 1, 330.00, 5),(11438, '2020-11-03', 113, 1000038, 2, 190.00, 49),(11439, '2020-11-03', 114, 1000039, 4, 290.00, 22),(11440, '2020-11-03', 115, 1000040, 1, 850.00, 9),(11441, '2020-11-04', 116, 1000041, 1, 2050.00, 32),(11442, '2020-11-04', 117, 1000042, 1, 120.00, 33),(11443, '2020-11-04', 118, 1000043, 4, 540.00, 42),(11444, '2020-11-05', 119, 1000044, 1, 470.00, 42),(11445, '2020-11-05', 120, 1000045, 1, 370.00, 10),(11446, '2020-11-05', 121, 1000046, 1, 90.00, 1),(11447, '2020-11-06', 122, 1000047, 1, 290.00, 1),(11448, '2020-11-06', 123, 1000048, 1, 180.00, 1),(11449, '2020-11-06', 124, 1000049, 1, 1360.00, 1),(11450, '2020-11-09', 125, 1000050, 2, 3380.00, 7),(11451, '2020-11-09', 126, 1000051, 2, 250.00, 46),(11452, '2020-11-09', 127, 1000052, 1, 570.00, 7),(11453, '2020-11-10', 128, 1000053, 1, 640.00, 33),(11454, '2020-11-10', 129, 1000054, 4, 3470.00, 40),(11455, '2020-11-10', 130, 1000055, 1, 550.00, 30),(11456, '2020-11-11', 131, 1000056, 1, 370.00, 56),(11457, '2020-11-11', 132, 1000057, 1, 490.00, 13),(11458, '2020-11-11', 133, 1000058, 1, 60.00, 38),(11459, '2020-11-12', 134, 1000059, 2, 1620.00, 13),(11460, '2020-11-12', 135, 1000060, 3, 2440.00, 9),(11461, '2020-11-12', 136, 1000061, 1, 550.00, 9),(11462, '2020-11-13', 137, 1000062, 1, 270.00, 21),(11463, '2020-11-13', 138, 1000063, 2, 1320.00, 38),(11464, '2020-11-13', 139, 1000064, 1, 2380.00, 51),(11465, '2020-11-16', 140, 1000065, 1, 580.00, 21),(11466, '2020-11-16', 141, 1000066, 1, 490.00, 24),(11467, '2020-11-16', 142, 1000067, 4, 130.00, 9),(11468, '2020-11-17', 143, 1000068, 3, 220.00, 20),(11469, '2020-11-17', 144, 1000069, 1, 580.00, 10),(11470, '2020-11-17', 145, 1000070, 1, 2190.00, 22),(11471, '2020-11-18', 146, 1000071, 1, 200.00, 14),(11472, '2020-11-18', 147, 1000072, 2, 1340.00, 43),(11473, '2020-11-18', 148, 1000073, 1, 4370.00, 7),(11474, '2020-11-19', 149, 1000074, 1, 160.00, 30),(11475, '2020-11-19', 150, 1000075, 1, 140.00, 14),(11476, '2020-11-19', 151, 1000076, 3, 470.00, 20),(11477, '2020-11-20', 152, 1000077, 1, 280.00, 22),(11478, '2020-11-20', 153, 1000078, 3, 460.00, 39),(11479, '2020-11-20', 154, 1000079, 1, 60.00, 38),(11480, '2020-11-23', 155, 1000080, 1, 190.00, 20),(11481, '2020-11-23', 156, 1000081, 2, 1320.00, 9),(11482, '2020-11-23', 157, 1000082, 1, 3340.00, 15),(11483, '2020-11-24', 158, 1000083, 1, 1370.00, 9),(11484, '2020-11-24', 159, 1000084, 1, 580.00, 21),(11485, '2020-11-24', 160, 1000085, 2, 2320.00, 30),(11486, '2020-11-25', 161, 1000086, 3, 2360.00, 9),(11487, '2020-11-25', 162, 1000087, 2, 460.00, 56),(11488, '2020-11-25', 163, 1000088, 1, 90.00, 40),(11489, '2020-11-26', 164, 1000089, 1, 200.00, 9),(11490, '2020-11-26', 165, 1000090, 2, 460.00, 26),(11491, '2020-11-26', 166, 1000091, 1, 70.00, 26),(11492, '2020-11-27', 167, 1000092, 1, 60.00, 32),(11493, '2020-11-27', 168, 1000093, 1, 160.00, 13),(11494, '2020-11-27', 169, 1000094, 5, 380.00, 10),(11495, '2020-11-30', 170, 1000095, 2, 250.00, 22),(11496, '2020-11-30', 171, 1000096, 3, 290.00, 13),(11497, '2020-11-30', 172, 1000097, 1, 140.00, 30),(11498, '2020-12-01', 173, 1000098, 2, 980.00, 53),(11499, '2020-12-01', 174, 1000099, 3, 890.00, 23),(11500, '2020-12-01', 175, 1000100, 1, 540.00, 9),(11501, '2020-12-02', 101, 1000101, 1, 360.00, 38),(11502, '2020-12-02', 102, 1000102, 1, 200.00, 5),(11503, '2020-12-02', 103, 1000103, 3, 2370.00, 40),(11504, '2020-12-03', 104, 1000104, 1, 3550.00, 34),(11505, '2020-12-03', 105, 1000105, 2, 320.00, 43),(11506, '2020-12-03', 106, 1000106, 1, 370.00, 35),(11507, '2020-12-04', 107, 1000107, 1, 1480.00, 20),(11508, '2020-12-04', 108, 1000108, 1, 120.00, 56),(11509, '2020-12-04', 109, 1000109, 1, 1380.00, 32),(11510, '2020-12-07', 110, 1000110, 1, 230.00, 56),(11511, '2020-12-07', 111, 1000111, 1, 120.00, 32),(11512, '2020-12-07', 112, 1000112, 1, 330.00, 18),(11513, '2020-12-08', 113, 1000113, 1, 190.00, 38),(11514, '2020-12-08', 114, 1000114, 2, 290.00, 56),(11515, '2020-12-08', 115, 1000115, 1, 850.00, 40),(11516, '2020-12-09', 116, 1000116, 1, 2050.00, 30),(11517, '2020-12-09', 117, 1000117, 2, 120.00, 54),(11518, '2020-12-09', 118, 1000118, 4, 540.00, 10),(11519, '2020-12-10', 119, 1000119, 1, 470.00, 33),(11520, '2020-12-10', 120, 1000120, 1, 370.00, 30),(11521, '2020-12-10', 121, 1000121, 1, 90.00, 5),(11522, '2020-12-11', 122, 1000122, 2, 290.00, 55),(11523, '2020-12-11', 123, 1000123, 1, 180.00, 1),(11524, '2020-12-11', 124, 1000124, 1, 1360.00, 1),(11525, '2020-12-14', 125, 1000125, 1, 3380.00, 1),(11526, '2020-12-14', 126, 1000126, 1, 250.00, 1),(11527, '2020-12-14', 127, 1000127, 1, 570.00, 1),(11528, '2020-12-15', 128, 1000128, 3, 640.00, 9),(11529, '2020-12-15', 129, 1000129, 1, 3470.00, 4),(11530, '2020-12-15', 130, 1000130, 1, 550.00, 32),(11531, '2020-12-16', 131, 1000131, 1, 370.00, 33),(11532, '2020-12-16', 132, 1000132, 1, 490.00, 21),(11533, '2020-12-16', 133, 1000133, 1, 60.00, 20),(11534, '2020-12-17', 134, 1000134, 3, 1620.00, 40),(11535, '2020-12-17', 135, 1000135, 3, 2440.00, 47),(11536, '2020-12-17', 136, 1000136, 2, 550.00, 32),(11537, '2020-12-18', 137, 1000137, 1, 270.00, 38),(11538, '2020-12-18', 138, 1000138, 1, 1320.00, 49),(11539, '2020-12-18', 139, 1000139, 4, 2380.00, 43),(11540, '2020-12-21', 140, 1000140, 1, 580.00, 3),(11541, '2020-12-21', 141, 1000141, 1, 490.00, 46),(11542, '2020-12-21', 142, 1000142, 1, 130.00, 52),(11543, '2020-12-22', 143, 1000143, 2, 220.00, 46),(11544, '2020-12-22', 144, 1000144, 1, 580.00, 5),(11545, '2020-12-22', 145, 1000145, 1, 2190.00, 56),(11546, '2020-12-23', 146, 1000146, 1, 200.00, 30),(11547, '2020-12-23', 147, 1000147, 2, 1340.00, 30),(11548, '2020-12-23', 148, 1000148, 2, 4370.00, 10),(11549, '2020-12-24', 149, 1000149, 1, 160.00, 30),(11550, '2020-12-24', 150, 1000150, 1, 140.00, 38),(11551, '2020-12-24', 151, 1000151, 1, 470.00, 15),(11552, '2020-12-25', 152, 1000152, 5, 280.00, 30),(11553, '2020-12-25', 153, 1000153, 2, 460.00, 9),(11554, '2020-12-25', 154, 1000154, 3, 60.00, 51),(11555, '2020-12-28', 155, 1000155, 1, 190.00, 22),(11556, '2020-12-28', 156, 1000156, 2, 1320.00, 55),(11557, '2020-12-28', 157, 1000157, 1, 3340.00, 33),(11558, '2020-12-29', 158, 1000158, 1, 1370.00, 13),(11559, '2020-12-29', 159, 1000159, 1, 580.00, 38),(11560, '2020-12-29', 160, 1000160, 1, 2320.00, 32),(11561, '2020-12-30', 161, 1000161, 1, 2360.00, 38),(11562, '2020-12-30', 162, 1000162, 1, 460.00, 10),(11563, '2020-12-30', 163, 1000163, 3, 90.00, 9),(11564, '2020-12-31', 164, 1000164, 1, 200.00, 21),(11565, '2020-12-31', 165, 1000165, 1, 460.00, 9),(11566, '2020-12-31', 166, 1000166, 4, 70.00, 13),(11567, '2021-01-01', 167, 1000167, 1, 60.00, 33),(11568, '2021-01-01', 168, 1000168, 1, 160.00, 38),(11569, '2021-01-01', 169, 1000169, 1, 380.00, 38),(11570, '2021-01-04', 170, 1000170, 2, 250.00, 30),(11571, '2021-01-04', 171, 1000171, 2, 290.00, 7),(11572, '2021-01-04', 172, 1000172, 3, 140.00, 46),(11573, '2021-01-05', 173, 1000173, 1, 980.00, 42),(11574, '2021-01-05', 174, 1000174, 1, 890.00, 20),(11575, '2021-01-05', 175, 1000175, 2, 540.00, 30),(11576, '2021-01-06', 101, 1000176, 1, 360.00, 32),(11577, '2021-01-06', 102, 1000177, 1, 200.00, 49),(11578, '2021-01-06', 103, 1000178, 1, 2370.00, 21),(11579, '2021-01-07', 104, 1000179, 5, 3550.00, 21),(11580, '2021-01-07', 105, 1000180, 3, 320.00, 30),(11581, '2021-01-07', 106, 1000181, 3, 370.00, 49),(11582, '2021-01-08', 107, 1000182, 1, 1480.00, 49),(11583, '2021-01-08', 108, 1000183, 1, 120.00, 21),(11584, '2021-01-08', 109, 1000184, 1, 1380.00, 5),(11585, '2021-01-11', 110, 1000185, 1, 230.00, 32),(11586, '2021-01-11', 111, 1000186, 1, 120.00, 35),(11587, '2021-01-11', 112, 1000187, 1, 330.00, 9),(11588, '2021-01-12', 113, 1000188, 5, 190.00, 36),(11589, '2021-01-12', 114, 1000189, 3, 290.00, 24),(11590, '2021-01-12', 115, 1000190, 3, 850.00, 20),(11591, '2021-01-13', 116, 1000191, 1, 2050.00, 33),(11592, '2021-01-13', 117, 1000192, 1, 120.00, 52),(11593, '2021-01-13', 118, 1000193, 2, 540.00, 13),(11594, '2021-01-14', 119, 1000194, 1, 470.00, 46),(11595, '2021-01-14', 120, 1000195, 1, 370.00, 21),(11596, '2021-01-14', 121, 1000196, 1, 90.00, 22),(11597, '2021-01-15', 122, 1000197, 3, 290.00, 22),(11598, '2021-01-15', 123, 1000198, 1, 180.00, 33),(11599, '2021-01-15', 124, 1000199, 2, 1360.00, 20),(11600, '2021-01-18', 125, 1000200, 1, 3380.00, 40),(11601, '2021-01-18', 126, 1000201, 2, 250.00, 43),(11602, '2021-01-18', 127, 1000202, 2, 570.00, 22),(11603, '2021-01-19', 128, 1000203, 1, 640.00, 26),(11604, '2021-01-19', 129, 1000204, 1, 3470.00, 24),(11605, '2021-01-19', 130, 1000205, 1, 550.00, 30),(11606, '2021-01-20', 131, 1000206, 5, 370.00, 21),(11607, '2021-01-20', 132, 1000207, 3, 490.00, 56),(11608, '2021-01-20', 133, 1000208, 1, 60.00, 13),(11609, '2021-01-21', 134, 1000209, 1, 1620.00, 22),(11610, '2021-01-21', 135, 1000210, 2, 2440.00, 30),(11611, '2021-01-21', 136, 1000211, 1, 550.00, 20),(11612, '2021-01-22', 137, 1000212, 1, 270.00, 7),(11613, '2021-01-22', 138, 1000213, 1, 1320.00, 9),(11614, '2021-01-22', 139, 1000214, 1, 2380.00, 49),(11615, '2021-01-25', 140, 1000215, 2, 580.00, 10),(11616, '2021-01-25', 141, 1000216, 3, 490.00, 13),(11617, '2021-01-25', 142, 1000217, 3, 130.00, 9),(11618, '2021-01-26', 143, 1000218, 1, 220.00, 9),(11619, '2021-01-26', 144, 1000219, 2, 580.00, 20),(11620, '2021-01-26', 145, 1000220, 1, 2190.00, 1),(11621, '2021-01-27', 146, 1000221, 1, 200.00, 1),(11622, '2021-01-27', 147, 1000222, 1, 1340.00, 1),(11623, '2021-01-27', 148, 1000223, 1, 4370.00, 1),(11624, '2021-01-28', 149, 1000224, 1, 160.00, 1),(11625, '2021-01-28', 150, 1000225, 1, 140.00, 1),(11626, '2021-01-28', 151, 1000226, 1, 470.00, 1),(11627, '2021-01-29', 152, 1000227, 1, 280.00, 1),(11628, '2021-01-29', 153, 1000228, 1, 460.00, 1),(11629, '2021-01-29', 154, 1000229, 1, 60.00, 1),(11630, '2021-02-01', 155, 1000230, 3, 190.00, 23),(11631, '2021-02-01', 156, 1000231, 1, 1320.00, 26),(11632, '2021-02-01', 157, 1000232, 1, 3340.00, 38),(11633, '2021-02-02', 158, 1000233, 1, 1370.00, 32),(11634, '2021-02-02', 159, 1000234, 3, 580.00, 43),(11635, '2021-02-02', 160, 1000235, 2, 2320.00, 20),(11636, '2021-02-03', 161, 1000236, 3, 2360.00, 32),(11637, '2021-02-03', 162, 1000237, 1, 460.00, 9),(11638, '2021-02-03', 163, 1000238, 1, 90.00, 56),(11639, '2021-02-04', 164, 1000239, 3, 200.00, 5),(11640, '2021-02-04', 165, 1000240, 1, 460.00, 33),(11641, '2021-02-04', 166, 1000241, 1, 70.00, 9),(11642, '2021-02-05', 167, 1000242, 1, 60.00, 32),(11643, '2021-02-05', 168, 1000243, 3, 160.00, 30),(11644, '2021-02-05', 169, 1000244, 2, 380.00, 52),(11645, '2021-02-08', 170, 1000245, 2, 250.00, 47),(11646, '2021-02-08', 171, 1000246, 1, 290.00, 53),(11647, '2021-02-08', 172, 1000247, 2, 140.00, 22),(11648, '2021-02-09', 173, 1000248, 4, 980.00, 51),(11649, '2021-02-09', 174, 1000249, 1, 890.00, 1),(11650, '2021-02-09', 175, 1000250, 1, 540.00, 7),(11651, '2021-02-10', 101, 1000251, 1, 360.00, 9),(11652, '2021-02-10', 102, 1000252, 1, 200.00, 15),(11653, '2021-02-10', 103, 1000253, 5, 2370.00, 21),(11654, '2021-02-11', 104, 1000254, 3, 3550.00, 1),(11655, '2021-02-11', 105, 1000255, 2, 320.00, 30),(11656, '2021-02-11', 106, 1000256, 1, 370.00, 32),(11657, '2021-02-12', 107, 1000257, 2, 1480.00, 46),(11658, '2021-02-12', 108, 1000258, 4, 120.00, 20),(11659, '2021-02-12', 109, 1000259, 1, 1380.00, 15),(11660, '2021-02-15', 110, 1000260, 1, 230.00, 22),(11661, '2021-02-15', 111, 1000261, 1, 120.00, 10),(11662, '2021-02-15', 112, 1000262, 4, 330.00, 13),(11663, '2021-02-16', 113, 1000263, 1, 190.00, 33),(11664, '2021-02-16', 114, 1000264, 2, 290.00, 33),(11665, '2021-02-16', 115, 1000265, 1, 850.00, 33),(11666, '2021-02-17', 116, 1000266, 1, 2050.00, 33),(11667, '2021-02-17', 117, 1000267, 1, 120.00, 33),(11668, '2021-02-17', 118, 1000268, 1, 540.00, 33),(11669, '2021-02-18', 119, 1000269, 1, 470.00, 33),(11670, '2021-02-18', 120, 1000270, 1, 370.00, 33),(11671, '2021-02-18', 121, 1000271, 3, 90.00, 33),(11672, '2021-02-19', 122, 1000272, 2, 290.00, 33),(11673, '2021-02-19', 123, 1000273, 1, 180.00, 33),(11674, '2021-02-19', 124, 1000274, 1, 1360.00, 33),(11675, '2021-02-22', 125, 1000275, 2, 3380.00, 33),(11676, '2021-02-22', 126, 1000276, 4, 250.00, 33),(11677, '2021-02-22', 127, 1000277, 1, 570.00, 33),(11678, '2021-02-23', 128, 1000278, 1, 640.00, 33),(11679, '2021-02-23', 129, 1000279, 1, 3470.00, 33),(11680, '2021-02-23', 130, 1000280, 3, 550.00, 33),(11681, '2021-02-24', 131, 1000001, 1, 370.00, 38),(11682, '2021-02-24', 132, 1000002, 3, 490.00, 33),(11683, '2021-02-24', 133, 1000003, 1, 60.00, 22),(11684, '2021-02-25', 134, 1000004, 2, 1620.00, 10),(11685, '2021-02-25', 135, 1000005, 4, 2440.00, 21),(11686, '2021-02-25', 136, 1000006, 1, 550.00, 11),(11687, '2021-02-26', 137, 1000007, 1, 270.00, 40),(11688, '2021-02-26', 138, 1000008, 1, 1320.00, 35),(11689, '2021-02-26', 139, 1000009, 3, 2380.00, 46),(11690, '2021-02-28', 140, 1000010, 2, 580.00, 1),(11691, '2021-02-28', 141, 1000011, 1, 490.00, 26),(11692, '2021-02-28', 142, 1000012, 1, 130.00, 38),(11693, '2021-03-01', 143, 1000013, 2, 220.00, 9),(11694, '2021-03-01', 144, 1000014, 1, 580.00, 21),(11695, '2021-03-01', 145, 1000015, 1, 2190.00, 9),(11696, '2021-03-02', 146, 1000016, 1, 200.00, 33),(11697, '2021-03-02', 147, 1000017, 1, 1340.00, 30),(11698, '2021-03-02', 148, 1000018, 2, 4370.00, 56),(11699, '2021-03-03', 149, 1000019, 3, 160.00, 10),(11700, '2021-03-03', 150, 1000020, 2, 140.00, 30),(11701, '2021-03-03', 151, 1000021, 1, 470.00, 18),(11702, '2021-03-04', 152, 1000022, 2, 280.00, 46),(11703, '2021-03-04', 153, 1000023, 3, 460.00, 33),(11704, '2021-03-04', 154, 1000024, 1, 60.00, 5),(11705, '2021-03-07', 155, 1000025, 1, 190.00, 38),(11706, '2021-03-07', 156, 1000026, 1, 1320.00, 33),(11707, '2021-03-07', 157, 1000027, 3, 3340.00, 32),(11708, '2021-03-08', 158, 1000028, 1, 1370.00, 38),(11709, '2021-03-08', 159, 1000029, 3, 580.00, 30),(11710, '2021-03-08', 160, 1000030, 1, 2320.00, 13),(11711, '2021-03-09', 161, 1000031, 2, 2360.00, 7),(11712, '2021-03-09', 162, 1000032, 1, 460.00, 20),(11713, '2021-03-09', 163, 1000033, 1, 90.00, 13),(11714, '2021-03-10', 164, 1000034, 1, 200.00, 30),(11715, '2021-03-10', 165, 1000035, 2, 460.00, 5),(11716, '2021-03-10', 166, 1000036, 3, 70.00, 56),(11717, '2021-03-11', 167, 1000037, 1, 60.00, 5),(11718, '2021-03-11', 168, 1000038, 1, 160.00, 49),(11719, '2021-03-11', 169, 1000039, 3, 380.00, 22),(11720, '2021-03-14', 170, 1000040, 1, 250.00, 9),(11721, '2021-03-14', 171, 1000041, 1, 290.00, 32),(11722, '2021-03-14', 172, 1000042, 1, 140.00, 33),(11723, '2021-03-15', 173, 1000043, 3, 980.00, 42),(11724, '2021-03-15', 174, 1000044, 1, 890.00, 42),(11725, '2021-03-15', 175, 1000045, 1, 540.00, 10),(11726, '2021-03-16', 101, 1000046, 1, 360.00, 1),(11727, '2021-03-16', 102, 1000047, 1, 200.00, 1),(11728, '2021-03-16', 103, 1000048, 1, 2370.00, 1),(11729, '2021-03-17', 104, 1000049, 1, 3550.00, 1),(11730, '2021-03-17', 105, 1000050, 3, 320.00, 7),(11731, '2021-03-17', 106, 1000051, 2, 370.00, 46),(11732, '2021-03-18', 107, 1000052, 1, 1480.00, 7),(11733, '2021-03-18', 108, 1000053, 2, 120.00, 33),(11734, '2021-03-18', 109, 1000054, 4, 1380.00, 40),(11735, '2021-03-21', 110, 1000055, 1, 230.00, 30),(11736, '2021-03-21', 111, 1000056, 1, 120.00, 56),(11737, '2021-03-21', 112, 1000057, 1, 330.00, 13),(11738, '2021-03-22', 113, 1000058, 1, 190.00, 38),(11739, '2021-03-22', 114, 1000059, 3, 290.00, 13),(11740, '2021-03-22', 115, 1000060, 3, 850.00, 9),(11741, '2021-03-23', 116, 1000061, 1, 2050.00, 9),(11742, '2021-03-23', 117, 1000062, 1, 120.00, 21),(11743, '2021-03-23', 118, 1000063, 1, 540.00, 38),(11744, '2021-03-24', 119, 1000064, 1, 470.00, 51),(11745, '2021-03-24', 120, 1000065, 1, 370.00, 21),(11746, '2021-03-24', 121, 1000066, 1, 90.00, 24),(11747, '2021-03-25', 122, 1000067, 4, 290.00, 9),(11748, '2021-03-25', 123, 1000068, 1, 180.00, 20),(11749, '2021-03-25', 124, 1000069, 3, 1360.00, 10),(11750, '2021-03-28', 125, 1000070, 1, 3380.00, 22),(11751, '2021-03-28', 126, 1000071, 1, 250.00, 14),(11752, '2021-03-28', 127, 1000072, 1, 570.00, 43),(11753, '2021-03-29', 128, 1000073, 1, 640.00, 7),(11754, '2021-03-29', 129, 1000074, 1, 3470.00, 30),(11755, '2021-03-29', 130, 1000075, 1, 550.00, 14),(11756, '2021-03-30', 131, 1000076, 2, 370.00, 20),(11757, '2021-03-30', 132, 1000077, 1, 490.00, 22),(11758, '2021-03-30', 133, 1000078, 1, 60.00, 39),(11759, '2021-03-31', 134, 1000079, 1, 1620.00, 38),(11760, '2021-03-31', 135, 1000080, 1, 2440.00, 20),(11761, '2021-03-31', 136, 1000081, 3, 550.00, 9),(11762, '2021-04-01', 137, 1000082, 1, 270.00, 15),(11763, '2021-04-01', 138, 1000083, 1, 1320.00, 9),(11764, '2021-04-01', 139, 1000084, 1, 2380.00, 21),(11765, '2021-04-04', 140, 1000085, 2, 580.00, 30),(11766, '2021-04-04', 141, 1000086, 2, 490.00, 9),(11767, '2021-04-04', 142, 1000087, 2, 130.00, 56),(11768, '2021-04-05', 143, 1000088, 1, 220.00, 40),(11769, '2021-04-05', 144, 1000089, 2, 580.00, 9),(11770, '2021-04-05', 145, 1000090, 3, 2190.00, 26),(11771, '2021-04-06', 146, 1000091, 1, 200.00, 26),(11772, '2021-04-06', 147, 1000092, 1, 1340.00, 32),(11773, '2021-04-06', 148, 1000093, 1, 4370.00, 13),(11774, '2021-04-07', 149, 1000094, 3, 160.00, 10),(11775, '2021-04-07', 150, 1000095, 2, 140.00, 22),(11776, '2021-04-07', 151, 1000096, 3, 470.00, 13),(11777, '2021-04-08', 152, 1000097, 1, 280.00, 30),(11778, '2021-04-08', 153, 1000098, 1, 460.00, 53),(11779, '2021-04-08', 154, 1000099, 2, 60.00, 23),(11780, '2021-04-11', 155, 1000100, 1, 190.00, 9),(11781, '2021-04-11', 156, 1000101, 1, 1320.00, 38),(11782, '2021-04-11', 157, 1000102, 1, 3340.00, 5),(11783, '2021-04-12', 158, 1000103, 5, 1370.00, 40),(11784, '2021-04-12', 159, 1000104, 3, 580.00, 34),(11785, '2021-04-12', 160, 1000105, 2, 2320.00, 43),(11786, '2021-04-13', 161, 1000106, 1, 2360.00, 35),(11787, '2021-04-13', 162, 1000107, 1, 460.00, 20),(11788, '2021-04-13', 163, 1000108, 1, 90.00, 56),(11789, '2021-04-14', 164, 1000109, 3, 200.00, 32),(11790, '2021-04-14', 165, 1000110, 1, 460.00, 56),(11791, '2021-04-14', 166, 1000111, 1, 70.00, 32),(11792, '2021-04-15', 167, 1000112, 1, 60.00, 18),(11793, '2021-04-15', 168, 1000113, 3, 160.00, 38),(11794, '2021-04-15', 169, 1000114, 3, 380.00, 56),(11795, '2021-04-18', 170, 1000115, 2, 250.00, 40),(11796, '2021-04-18', 171, 1000116, 1, 290.00, 30),(11797, '2021-04-18', 172, 1000117, 2, 140.00, 54),(11798, '2021-04-19', 173, 1000118, 1, 980.00, 10),(11799, '2021-04-19', 174, 1000119, 1, 890.00, 33),(11800, '2021-04-19', 175, 1000120, 1, 540.00, 30),(11801, '2021-04-20', 101, 1000121, 1, 360.00, 5),(11802, '2021-04-20', 102, 1000122, 5, 200.00, 55),(11803, '2021-04-20', 103, 1000123, 1, 2370.00, 1),(11804, '2021-04-21', 104, 1000124, 1, 3550.00, 1),(11805, '2021-04-21', 105, 1000125, 1, 320.00, 1),(11806, '2021-04-21', 106, 1000126, 1, 370.00, 1),(11807, '2021-04-22', 107, 1000127, 1, 1480.00, 1),(11808, '2021-04-22', 108, 1000128, 3, 120.00, 9),(11809, '2021-04-22', 109, 1000129, 2, 1380.00, 4),(11810, '2021-04-25', 110, 1000130, 1, 230.00, 32),(11811, '2021-04-25', 111, 1000131, 2, 120.00, 33),(11812, '2021-04-25', 112, 1000132, 2, 330.00, 21),(11813, '2021-04-26', 113, 1000133, 1, 190.00, 20),(11814, '2021-04-26', 114, 1000134, 4, 290.00, 40),(11815, '2021-04-26', 115, 1000135, 1, 850.00, 47),(11816, '2021-04-27', 116, 1000136, 2, 2050.00, 32),(11817, '2021-04-27', 117, 1000137, 1, 120.00, 38),(11818, '2021-04-27', 118, 1000138, 1, 540.00, 49),(11819, '2021-04-28', 119, 1000139, 4, 470.00, 43),(11820, '2021-04-28', 120, 1000140, 1, 370.00, 3),(11821, '2021-04-28', 121, 1000141, 1, 90.00, 46),(11822, '2021-04-29', 122, 1000142, 1, 290.00, 52),(11823, '2021-04-29', 123, 1000143, 3, 180.00, 46),(11824, '2021-04-29', 124, 1000144, 2, 1360.00, 5),(11825, '2021-05-02', 125, 1000145, 2, 3380.00, 56),(11826, '2021-05-02', 126, 1000146, 1, 250.00, 30),(11827, '2021-05-02', 127, 1000147, 1, 570.00, 30),(11828, '2021-05-03', 128, 1000148, 3, 640.00, 10),(11829, '2021-05-03', 129, 1000149, 1, 3470.00, 30),(11830, '2021-05-03', 130, 1000150, 1, 550.00, 38),(11831, '2021-05-04', 131, 1000151, 1, 370.00, 15),(11832, '2021-05-04', 132, 1000152, 2, 490.00, 30),(11833, '2021-05-04', 133, 1000153, 2, 60.00, 9),(11834, '2021-05-05', 134, 1000154, 2, 1620.00, 51),(11835, '2021-05-05', 135, 1000155, 1, 2440.00, 22),(11836, '2021-05-05', 136, 1000156, 2, 550.00, 55),(11837, '2021-05-06', 137, 1000157, 3, 270.00, 33),(11838, '2021-05-06', 138, 1000158, 1, 1320.00, 13),(11839, '2021-05-06', 139, 1000159, 1, 2380.00, 38),(11840, '2021-05-09', 140, 1000160, 1, 580.00, 32),(11841, '2021-05-09', 141, 1000161, 1, 490.00, 38),(11842, '2021-05-09', 142, 1000162, 3, 130.00, 10),(11843, '2021-05-10', 143, 1000163, 1, 220.00, 9),(11844, '2021-05-10', 144, 1000164, 1, 580.00, 21),(11845, '2021-05-10', 145, 1000165, 1, 2190.00, 9),(11846, '2021-05-11', 146, 1000166, 1, 200.00, 13),(11847, '2021-05-11', 147, 1000167, 1, 1340.00, 33),(11848, '2021-05-11', 148, 1000168, 1, 4370.00, 38),(11849, '2021-05-12', 149, 1000169, 1, 160.00, 38),(11850, '2021-05-12', 150, 1000170, 2, 140.00, 30),(11851, '2021-05-12', 151, 1000171, 3, 470.00, 7),(11852, '2021-05-13', 152, 1000172, 2, 280.00, 46),(11853, '2021-05-13', 153, 1000173, 1, 460.00, 42),(11854, '2021-05-13', 154, 1000174, 2, 60.00, 20),(11855, '2021-05-16', 155, 1000175, 2, 190.00, 30),(11856, '2021-05-16', 156, 1000176, 1, 1320.00, 32),(11857, '2021-05-16', 157, 1000177, 1, 3340.00, 49),(11858, '2021-05-17', 158, 1000178, 1, 1370.00, 21),(11859, '2021-05-17', 159, 1000179, 2, 580.00, 21),(11860, '2021-05-17', 160, 1000180, 3, 2320.00, 30),(11861, '2021-05-18', 161, 1000181, 3, 2360.00, 49),(11862, '2021-05-18', 162, 1000182, 1, 460.00, 49),(11863, '2021-05-18', 163, 1000183, 1, 90.00, 21),(11864, '2021-05-19', 164, 1000184, 1, 200.00, 5),(11865, '2021-05-19', 165, 1000185, 1, 460.00, 32),(11866, '2021-05-19', 166, 1000186, 1, 70.00, 35),(11867, '2021-05-20', 167, 1000187, 1, 60.00, 9),(11868, '2021-05-20', 168, 1000188, 5, 160.00, 36),(11869, '2021-05-20', 169, 1000189, 2, 380.00, 24),(11870, '2021-05-23', 170, 1000190, 1, 250.00, 20),(11871, '2021-05-23', 171, 1000191, 1, 290.00, 33),(11872, '2021-05-23', 172, 1000192, 2, 140.00, 52),(11873, '2021-05-24', 173, 1000193, 3, 980.00, 13),(11874, '2021-05-24', 174, 1000194, 1, 890.00, 46),(11875, '2021-05-24', 175, 1000195, 1, 540.00, 21),(11876, '2021-05-25', 101, 1000196, 1, 360.00, 22),(11877, '2021-05-25', 102, 1000197, 2, 200.00, 22),(11878, '2021-05-25', 103, 1000198, 2, 2370.00, 33),(11879, '2021-05-26', 104, 1000199, 1, 3550.00, 20),(11880, '2021-05-26', 105, 1000200, 1, 320.00, 40),(11881, '2021-05-26', 106, 1000201, 2, 370.00, 43),(11882, '2021-05-27', 107, 1000202, 2, 1480.00, 22),(11883, '2021-05-27', 108, 1000203, 1, 120.00, 26),(11884, '2021-05-27', 109, 1000204, 1, 1380.00, 24),(11885, '2021-05-30', 110, 1000205, 1, 230.00, 30),(11886, '2021-05-30', 111, 1000206, 1, 120.00, 21),(11887, '2021-05-30', 112, 1000207, 3, 330.00, 56),(11888, '2021-05-31', 113, 1000208, 1, 190.00, 13),(11889, '2021-05-31', 114, 1000209, 1, 290.00, 22),(11890, '2021-05-31', 115, 1000210, 1, 850.00, 30),(11891, '2021-06-01', 116, 1000211, 3, 2050.00, 20),(11892, '2021-06-01', 117, 1000212, 1, 120.00, 7),(11893, '2021-06-01', 118, 1000213, 1, 540.00, 9),(11894, '2021-06-02', 119, 1000214, 1, 470.00, 49),(11895, '2021-06-02', 120, 1000215, 4, 370.00, 10),(11896, '2021-06-02', 121, 1000216, 3, 90.00, 13),(11897, '2021-06-03', 122, 1000217, 3, 290.00, 9),(11898, '2021-06-03', 123, 1000218, 1, 180.00, 9),(11899, '2021-06-03', 124, 1000219, 1, 1360.00, 20),(11900, '2021-06-06', 125, 1000220, 1, 3380.00, 1),(11901, '2021-06-06', 126, 1000221, 1, 250.00, 1),(11902, '2021-06-06', 127, 1000222, 1, 570.00, 1),(11903, '2021-06-07', 128, 1000223, 1, 640.00, 1),(11904, '2021-06-07', 129, 1000224, 1, 3470.00, 1),(11905, '2021-06-07', 130, 1000225, 1, 550.00, 1),(11906, '2021-06-08', 131, 1000226, 1, 370.00, 1),(11907, '2021-06-08', 132, 1000227, 1, 490.00, 1),(11908, '2021-06-08', 133, 1000228, 1, 60.00, 1),(11909, '2021-06-09', 134, 1000229, 1, 1620.00, 1),(11910, '2021-06-09', 135, 1000230, 1, 2440.00, 23),(11911, '2021-06-09', 136, 1000231, 1, 550.00, 26),(11912, '2021-06-10', 137, 1000232, 1, 270.00, 38),(11913, '2021-06-10', 138, 1000233, 1, 1320.00, 32),(11914, '2021-06-10', 139, 1000234, 2, 2380.00, 43),(11915, '2021-06-13', 140, 1000235, 1, 580.00, 20),(11916, '2021-06-13', 141, 1000236, 2, 490.00, 32),(11917, '2021-06-13', 142, 1000237, 1, 130.00, 9),(11918, '2021-06-14', 143, 1000238, 1, 220.00, 56),(11919, '2021-06-14', 144, 1000239, 1, 580.00, 5),(11920, '2021-06-14', 145, 1000240, 1, 2190.00, 33),(11921, '2021-06-15', 146, 1000241, 1, 200.00, 9),(11922, '2021-06-15', 147, 1000242, 1, 1340.00, 32),(11923, '2021-06-15', 148, 1000243, 5, 4370.00, 30),(11924, '2021-06-16', 149, 1000244, 1, 160.00, 52),(11925, '2021-06-16', 150, 1000245, 3, 140.00, 47),(11926, '2021-06-16', 151, 1000246, 1, 470.00, 53),(11927, '2021-06-17', 152, 1000247, 1, 280.00, 22),(11928, '2021-06-17', 153, 1000248, 2, 460.00, 51),(11929, '2021-06-17', 154, 1000249, 1, 60.00, 1),(11930, '2021-06-20', 155, 1000250, 1, 190.00, 7),(11931, '2021-06-20', 156, 1000251, 1, 1320.00, 9),(11932, '2021-06-20', 157, 1000252, 1, 3340.00, 15),(11933, '2021-06-21', 158, 1000253, 2, 1370.00, 21),(11934, '2021-06-21', 159, 1000254, 3, 580.00, 1),(11935, '2021-06-21', 160, 1000255, 1, 2320.00, 30),(11936, '2021-06-22', 161, 1000256, 1, 2360.00, 32),(11937, '2021-06-22', 162, 1000257, 1, 460.00, 46),(11938, '2021-06-22', 163, 1000258, 4, 90.00, 20),(11939, '2021-06-23', 164, 1000259, 1, 200.00, 15),(11940, '2021-06-23', 165, 1000260, 1, 460.00, 22),(11941, '2021-06-23', 166, 1000261, 1, 70.00, 10),(11942, '2021-06-24', 167, 1000262, 5, 60.00, 13),(11943, '2021-06-24', 168, 1000263, 3, 160.00, 33),(11944, '2021-06-24', 169, 1000264, 3, 380.00, 33),(11945, '2021-06-27', 170, 1000265, 1, 250.00, 33),(11946, '2021-06-27', 171, 1000266, 1, 290.00, 33),(11947, '2021-06-27', 172, 1000267, 1, 140.00, 33),(11948, '2021-06-28', 173, 1000268, 1, 980.00, 33),(11949, '2021-06-28', 174, 1000269, 1, 890.00, 33),(11950, '2021-06-28', 175, 1000270, 1, 540.00, 33),(11951, '2021-06-29', 101, 1000271, 1, 360.00, 33),(11952, '2021-06-29', 102, 1000272, 3, 200.00, 33),(11953, '2021-06-29', 103, 1000273, 3, 2370.00, 33),(11954, '2021-06-30', 104, 1000274, 1, 3550.00, 33),(11955, '2021-06-30', 105, 1000275, 2, 320.00, 33),(11956, '2021-06-30', 106, 1000276, 4, 370.00, 33),(11957, '2021-07-01', 107, 1000277, 1, 1480.00, 33),(11958, '2021-07-01', 108, 1000278, 1, 120.00, 33),(11959, '2021-07-01', 109, 1000279, 1, 1380.00, 33),(11960, '2021-07-04', 110, 1000280, 4, 230.00, 33),(11961, '2021-07-04', 111, 1000001, 3, 120.00, 38),(11962, '2021-07-04', 112, 1000002, 2, 330.00, 33),(11963, '2021-07-05', 113, 1000003, 1, 190.00, 22),(11964, '2021-07-05', 114, 1000004, 2, 290.00, 10),(11965, '2021-07-05', 115, 1000005, 1, 850.00, 21),(11966, '2021-07-06', 116, 1000006, 1, 2050.00, 11),(11967, '2021-07-06', 117, 1000007, 1, 120.00, 40),(11968, '2021-07-06', 118, 1000008, 1, 540.00, 35),(11969, '2021-07-07', 119, 1000009, 4, 470.00, 46),(11970, '2021-07-07', 120, 1000010, 1, 370.00, 1),(11971, '2021-07-07', 121, 1000011, 3, 90.00, 26),(11972, '2021-07-08', 122, 1000012, 1, 290.00, 38),(11973, '2021-07-08', 123, 1000013, 1, 180.00, 9),(11974, '2021-07-08', 124, 1000014, 1, 1360.00, 21),(11975, '2021-07-11', 125, 1000015, 1, 3380.00, 9),(11976, '2021-07-11', 126, 1000016, 1, 250.00, 33),(11977, '2021-07-11', 127, 1000017, 1, 570.00, 30),(11978, '2021-07-12', 128, 1000018, 1, 640.00, 56),(11979, '2021-07-12', 129, 1000019, 1, 3470.00, 10),(11980, '2021-07-12', 130, 1000020, 2, 550.00, 30),(11981, '2021-07-13', 131, 1000021, 1, 370.00, 18),(11982, '2021-07-13', 132, 1000022, 1, 490.00, 46),(11983, '2021-07-13', 133, 1000023, 2, 60.00, 33),(11984, '2021-07-14', 134, 1000024, 1, 1620.00, 5),(11985, '2021-07-14', 135, 1000025, 1, 2440.00, 38),(11986, '2021-07-14', 136, 1000026, 1, 550.00, 33),(11987, '2021-07-15', 137, 1000027, 4, 270.00, 32),(11988, '2021-07-15', 138, 1000028, 3, 1320.00, 38),(11989, '2021-07-15', 139, 1000029, 1, 2380.00, 30),(11990, '2021-07-18', 140, 1000030, 1, 580.00, 13),(11991, '2021-07-18', 141, 1000031, 1, 490.00, 7),(11992, '2021-07-18', 142, 1000032, 4, 130.00, 20),(11993, '2021-07-19', 143, 1000033, 1, 220.00, 13),(11994, '2021-07-19', 144, 1000034, 3, 580.00, 30),(11995, '2021-07-19', 145, 1000035, 3, 2190.00, 5),(11996, '2021-07-20', 146, 1000036, 3, 200.00, 56),(11997, '2021-07-20', 147, 1000037, 1, 1340.00, 5),(11998, '2021-07-20', 148, 1000038, 1, 4370.00, 49),(11999, '2021-07-21', 149, 1000039, 3, 160.00, 22),(12000, '2021-07-21', 150, 1000040, 1, 140.00, 9),(12001, '2022-01-10', 100, 1000001, 2, 999.00, 38),(12002, '2022-01-10', 101, 1000001, 3, 360.00, 38);

